id,nivel de ruido,comuna
22800,75,comuna14
45063,15,comuna16
14178,34,comuna9
46968,54,comuna11
18632,15,comuna1
30286,44,comuna10
48126,72,comuna2
2664,41,comuna2
10011,83,comuna14
17929,49,comuna12
23486,79,comuna15
45524,56,comuna4
14674,73,comuna4
31591,69,comuna12
6061,67,comuna12
30069,40,comuna9
4131,19,comuna4
49924,62,comuna9
31679,48,comuna4
47673,16,comuna2
19836,63,comuna13
23,46,comuna4
24393,33,comnuna3
4924,19,comuna6
40343,16,comuna2
46225,62,comuna10
27586,53,comuna4
27455,83,comuna5
34127,34,comnuna3
19688,53,comuna2
15734,43,comuna12
34693,24,comuna5
35200,55,comuna16
23361,53,comuna7
13753,35,comuna8
43882,89,comuna14
47326,66,comuna16
7823,80,comuna1
43499,40,comuna9
42359,45,comuna1
937,22,comuna2
6926,59,comuna12
7319,16,comuna9
37673,61,comuna7
30058,70,comuna2
20087,26,comuna2
32145,60,comuna15
43659,19,comuna4
2960,40,comuna13
22789,42,comuna7
6604,80,comuna14
39862,48,comnuna3
9578,15,comuna7
3528,10,comuna4
37380,37,comuna10
18952,63,comuna2
25802,48,comuna10
23798,80,comuna14
38673,61,comuna10
21577,40,comuna6
18864,44,comuna4
49511,88,comuna7
17240,22,comuna10
17318,75,comuna4
35858,77,comuna4
12673,79,comuna6
15066,57,comuna6
45236,16,comuna10
16582,77,comuna10
32112,58,comuna7
3515,10,comuna1
36603,34,comuna12
1092,50,comnuna3
33565,54,comuna16
43726,81,comuna11
49408,20,comuna11
46476,25,comuna4
3755,89,comuna13
19573,86,comuna16
529,53,comuna15
13132,84,comuna5
29694,54,comuna5
38794,43,comuna7
406,20,comuna14
43427,90,comuna13
27616,42,comuna14
10117,10,comuna13
18341,33,comuna16
5669,33,comuna12
5952,41,comuna9
25479,26,comuna1
25470,83,comuna11
38376,46,comuna16
30514,42,comuna16
34733,73,comuna14
37759,37,comuna1
35256,12,comuna8
2961,85,comuna8
6586,81,comuna11
46328,18,comuna14
28919,14,comuna6
49041,44,comuna12
14910,67,comnuna3
2551,66,comuna15
7759,87,comuna9
10113,81,comuna6
48814,86,comuna10
42783,50,comuna5
46662,77,comuna5
31391,49,comuna7
9417,23,comuna4
39437,33,comuna6
16038,78,comuna11
39420,57,comuna13
2643,33,comuna8
23387,36,comnuna3
19426,40,comuna9
38412,17,comuna6
34501,22,comuna10
23945,66,comuna14
23031,24,comuna2
38610,68,comuna1
2335,56,comuna6
19987,73,comuna7
29173,81,comuna7
36374,22,comnuna3
30186,55,comuna13
28175,25,comuna1
16511,66,comuna4
10956,21,comuna7
6666,53,comuna13
37108,64,comuna5
194,50,comuna14
20858,63,comuna16
45588,65,comuna16
22019,41,comuna10
48014,60,comuna6
6845,21,comuna15
15059,83,comuna8
16329,66,comuna5
45426,70,comuna4
15282,16,comuna13
47417,82,comuna15
5966,11,comuna8
37668,87,comuna10
30559,86,comuna2
34528,86,comuna5
44654,21,comuna5
30356,75,comuna5
29433,17,comuna12
37845,58,comuna4
38918,87,comuna12
32497,80,comuna1
36770,74,comuna8
30364,84,comuna9
46380,47,comuna11
4141,85,comuna8
40529,87,comuna4
49270,24,comuna9
33157,51,comnuna3
28350,30,comuna13
33368,90,comuna8
7625,78,comuna12
11057,82,comnuna3
42749,48,comuna8
32034,84,comuna14
22638,58,comuna1
37455,41,comuna4
10548,42,comuna4
38376,16,comuna8
21062,82,comuna9
17352,31,comuna11
43102,74,comuna10
22584,18,comuna5
27961,70,comuna2
13861,90,comuna6
18618,52,comuna5
24116,77,comuna15
24410,81,comuna5
29116,49,comuna11
5759,53,comuna7
13287,88,comuna11
40909,39,comuna7
35353,41,comuna9
29896,24,comuna4
9102,42,comuna6
4747,68,comuna2
9695,32,comuna7
36468,78,comnuna3
1764,80,comuna13
37499,78,comuna2
45690,59,comnuna3
45783,71,comuna6
25747,83,comuna11
25702,70,comuna8
29029,12,comuna1
13255,45,comuna9
38388,23,comuna15
23065,12,comuna10
338,21,comuna8
47508,45,comuna11
47956,17,comuna6
37583,81,comuna11
30513,73,comuna11
35014,55,comuna8
44412,18,comuna8
5920,70,comuna10
20704,44,comuna2
35305,64,comuna9
5883,61,comuna8
48590,26,comuna10
34792,75,comuna5
17777,74,comuna4
11121,60,comnuna3
34320,41,comuna8
27438,23,comnuna3
49336,28,comuna4
5255,37,comuna9
12810,81,comuna8
36980,79,comnuna3
47982,15,comuna4
46388,39,comuna7
44251,50,comuna5
84,64,comuna13
16030,78,comuna7
7847,17,comnuna3
47599,85,comuna5
647,85,comuna11
8271,13,comuna16
5018,83,comuna5
42817,70,comuna14
18355,13,comuna6
35493,26,comuna13
41768,41,comuna15
20153,11,comnuna3
32650,75,comuna14
311,30,comuna5
42249,16,comuna7
33642,63,comuna1
46128,46,comuna12
5752,15,comuna11
33277,33,comuna7
12347,75,comuna8
38445,69,comuna4
26164,66,comuna14
38286,19,comuna16
32292,73,comuna1
1826,79,comuna7
45904,22,comuna8
3049,88,comuna8
13080,11,comuna15
22838,47,comuna4
26081,15,comuna6
37067,38,comuna7
23357,78,comuna1
19072,38,comuna7
35411,41,comnuna3
5473,27,comnuna3
1129,79,comuna4
14862,60,comuna6
13313,77,comuna1
26504,13,comuna2
48948,60,comuna16
39665,18,comuna8
20661,74,comuna11
2522,67,comuna11
43624,67,comuna1
10940,33,comuna2
13008,52,comuna6
29516,67,comuna11
12308,58,comuna13
38155,41,comuna16
48355,70,comuna11
41476,82,comuna8
8658,38,comuna1
20045,64,comuna12
15472,43,comuna1
3547,13,comuna4
26179,29,comuna6
8477,58,comuna6
15382,48,comuna2
38861,55,comnuna3
24014,29,comuna2
38212,64,comuna8
38542,27,comuna10
42469,56,comuna4
43568,77,comuna1
11374,49,comuna12
13475,41,comuna10
20600,61,comuna6
45580,52,comuna11
30412,26,comuna5
22371,75,comuna6
29212,68,comuna16
43391,67,comuna2
38123,53,comuna8
20524,17,comnuna3
45001,72,comuna5
48322,82,comuna6
23752,73,comuna9
31990,73,comuna7
36737,57,comuna4
2819,85,comuna1
40303,10,comuna12
10104,22,comuna6
11141,57,comuna1
32369,48,comuna12
14498,53,comuna1
29720,74,comuna14
2805,43,comuna9
30894,51,comuna10
3881,65,comuna4
35249,34,comuna7
4214,32,comuna4
6150,27,comuna8
27566,28,comuna9
23387,52,comuna1
10205,51,comuna8
7684,60,comuna15
32598,30,comnuna3
10958,60,comuna13
17634,90,comuna16
22725,28,comuna13
35526,27,comuna10
41472,58,comuna10
7138,90,comnuna3
41736,43,comuna10
46136,46,comuna16
42715,40,comuna15
39547,70,comuna1
37006,76,comuna10
49809,32,comuna9
35515,53,comuna10
1196,76,comuna13
7828,76,comuna14
4603,31,comuna4
45672,73,comuna8
30659,41,comuna12
26893,24,comuna15
48907,25,comuna12
32520,33,comnuna3
39981,87,comuna7
20030,17,comuna10
7751,36,comuna12
18359,48,comuna5
6419,44,comuna8
43932,57,comuna4
46409,38,comnuna3
40459,48,comuna2
32814,67,comuna11
45655,59,comnuna3
44161,41,comuna14
13428,78,comuna5
15087,14,comuna5
47803,57,comuna4
12511,90,comuna1
28384,29,comuna12
34825,88,comuna11
4973,69,comuna1
41349,11,comuna5
48739,80,comuna2
13251,28,comuna2
9267,82,comuna10
11333,20,comuna7
48259,77,comnuna3
35765,79,comuna6
27818,80,comuna7
24060,45,comnuna3
5455,58,comuna13
30604,39,comuna14
48399,26,comuna9
44115,11,comuna11
43215,32,comuna8
29080,46,comuna12
31012,21,comuna8
8848,46,comuna2
1177,46,comuna10
22803,37,comuna15
481,27,comuna14
10654,10,comuna5
17079,29,comuna13
38420,39,comnuna3
11750,40,comnuna3
2961,23,comuna7
21112,27,comuna10
37369,54,comuna6
25369,24,comuna10
39900,53,comuna4
19451,88,comnuna3
40453,37,comuna4
25758,55,comuna8
23033,84,comuna2
38868,27,comuna5
47852,35,comuna2
47077,45,comuna12
25303,29,comuna4
26182,85,comuna10
21074,35,comuna1
43511,73,comuna9
38051,61,comuna7
1050,81,comuna9
23822,54,comuna9
48264,84,comuna1
20387,84,comuna11
40531,84,comuna15
43010,75,comuna2
28956,25,comuna1
12727,78,comuna5
28433,67,comuna7
30700,32,comuna9
16678,47,comuna11
16949,48,comuna4
1826,58,comuna1
23510,29,comuna12
31757,80,comuna9
16469,48,comuna7
9474,69,comuna2
38211,55,comuna4
14254,43,comuna1
39749,75,comuna1
23235,80,comuna11
13828,20,comuna1
48647,32,comuna14
38440,33,comuna7
38690,23,comuna6
9073,58,comuna16
14695,32,comnuna3
39523,80,comuna9
28364,52,comuna1
1709,62,comuna4
27944,67,comuna10
11215,25,comuna16
4301,22,comuna6
31350,32,comuna6
21377,36,comuna9
5210,21,comuna13
30773,71,comuna11
19568,17,comuna16
24391,48,comuna4
43490,80,comuna9
39848,78,comuna16
20424,18,comuna12
25685,76,comuna9
43588,37,comuna11
24996,60,comuna5
32821,51,comuna2
42137,50,comuna8
45188,79,comuna9
29345,48,comuna1
31683,45,comuna16
27706,72,comuna7
21015,26,comuna11
10342,28,comuna13
2972,37,comuna10
8063,22,comuna12
23641,38,comuna8
3509,50,comuna14
25525,73,comuna15
22332,40,comuna12
42714,65,comuna7
36603,21,comuna5
44015,88,comuna8
19764,16,comuna11
14792,60,comuna7
13411,28,comnuna3
33650,36,comuna15
12614,63,comuna15
15753,29,comuna11
18876,65,comuna1
7328,79,comuna5
30330,68,comuna4
12091,34,comuna11
19151,46,comuna16
11930,73,comuna12
5515,45,comuna4
3636,46,comuna11
35535,58,comuna11
916,46,comuna5
40274,71,comuna1
46165,62,comuna9
34471,61,comuna1
24224,45,comuna2
42597,61,comuna8
30755,61,comuna13
22417,15,comuna10
18628,16,comnuna3
46203,82,comuna8
33061,51,comuna7
59,76,comuna2
45048,80,comuna16
15586,19,comuna2
18715,55,comuna13
31652,61,comuna13
7072,23,comuna5
37575,73,comuna11
39711,39,comuna16
27019,13,comuna16
45128,54,comuna15
30251,68,comuna6
29923,81,comnuna3
42884,31,comuna1
12610,18,comuna8
28373,86,comuna13
12357,88,comuna4
46894,50,comuna16
25778,90,comuna8
17933,61,comuna4
10014,88,comuna12
12370,86,comuna4
26926,52,comuna16
13717,70,comuna16
18198,23,comuna13
59,22,comuna1
44112,89,comuna6
11996,50,comuna8
36321,84,comuna16
35375,31,comuna14
23585,45,comuna9
15009,31,comuna7
42595,23,comuna9
10707,17,comuna10
11850,74,comuna2
33588,40,comuna6
9767,42,comuna11
22942,23,comuna11
27083,35,comuna15
28155,60,comuna2
38101,46,comuna9
9042,34,comuna6
23240,28,comuna1
3491,54,comuna14
19103,90,comuna5
30647,82,comuna12
4992,62,comnuna3
26555,57,comuna9
26864,29,comuna11
13382,56,comuna4
25524,71,comuna1
18674,46,comuna5
19988,80,comuna12
42955,53,comuna4
9474,86,comuna10
12141,37,comuna6
7161,90,comuna16
31239,45,comuna1
14144,71,comuna9
17445,11,comuna13
31014,48,comuna1
48001,11,comuna9
16330,26,comuna10
16435,36,comuna15
31678,79,comuna7
15781,63,comuna12
22260,88,comuna8
23158,44,comuna6
2937,79,comuna16
32859,65,comuna9
40853,13,comuna4
46552,56,comuna1
8808,68,comuna9
4760,77,comnuna3
16191,87,comuna10
36842,67,comuna2
9882,81,comuna6
45391,29,comuna11
18132,17,comuna5
5799,73,comuna8
19823,38,comuna7
28418,32,comuna9
16060,77,comuna5
5262,36,comuna8
47221,86,comuna4
47915,65,comnuna3
33976,18,comuna8
11950,60,comuna15
18397,69,comuna14
27857,50,comuna11
7730,74,comuna6
33996,61,comuna13
46415,65,comuna2
40995,20,comuna9
14667,52,comuna1
6839,57,comuna4
47440,74,comuna9
1680,79,comuna9
31171,39,comuna14
521,84,comuna7
14328,16,comuna4
43728,67,comuna10
10886,13,comuna11
22986,41,comuna5
17505,77,comuna5
8192,56,comuna7
846,64,comuna5
14360,87,comnuna3
46621,26,comuna9
18787,74,comuna11
19310,49,comuna13
14720,25,comuna8
3266,29,comuna12
35410,30,comuna2
3835,56,comuna1
3214,38,comuna15
42303,30,comuna13
20906,33,comuna13
34240,65,comuna12
16056,15,comuna9
18608,17,comuna2
19017,26,comuna1
49868,61,comuna14
23355,81,comuna4
3927,84,comuna14
736,68,comuna12
22910,14,comuna2
36006,22,comuna1
35260,67,comuna8
22722,70,comuna1
26881,87,comuna12
25129,37,comuna2
7784,47,comuna5
41015,54,comuna16
30876,25,comuna1
34415,46,comuna6
19198,78,comuna11
31057,70,comuna15
36938,87,comuna4
26484,70,comuna2
48006,60,comnuna3
7094,56,comuna5
30321,23,comuna7
27722,25,comuna11
29830,45,comuna14
1753,23,comuna5
35620,80,comuna9
35661,44,comuna9
22277,34,comuna10
31592,82,comuna10
15857,32,comuna12
48447,17,comuna7
6654,90,comuna9
8862,59,comnuna3
36026,69,comuna4
13178,33,comuna9
21220,65,comuna11
1285,46,comuna5
37787,40,comuna10
37959,73,comuna2
3575,19,comuna11
21087,67,comuna5
13463,62,comuna10
4915,17,comuna12
4128,71,comuna16
32486,26,comuna15
46851,12,comuna6
10044,50,comuna10
26376,25,comuna8
17864,87,comuna4
29264,68,comuna1
48549,51,comuna5
44425,63,comuna2
45765,24,comuna10
18393,23,comuna16
2270,63,comuna8
42084,40,comuna10
27124,62,comuna7
5673,49,comuna5
32214,76,comuna10
14409,15,comuna9
26863,59,comuna14
49983,40,comuna2
19786,19,comuna10
22172,72,comuna12
8317,73,comuna11
25545,47,comuna7
31136,50,comuna7
27926,21,comuna11
35193,90,comuna5
38504,62,comuna9
30091,20,comuna2
16688,10,comuna4
44096,44,comuna2
37063,85,comuna14
22503,26,comnuna3
41857,24,comuna14
34031,88,comuna16
43995,49,comuna15
46651,80,comuna13
4052,57,comuna1
36632,47,comuna15
1934,35,comuna13
12289,32,comuna12
21879,67,comuna13
5014,44,comuna7
38780,22,comuna4
44206,39,comuna11
20237,42,comuna2
34293,53,comuna13
41134,82,comuna9
48810,58,comuna11
19716,66,comuna11
29450,81,comuna6
44108,63,comuna6
3157,61,comuna11
43093,65,comuna4
31780,26,comuna11
26806,87,comuna11
23165,62,comuna16
10249,66,comuna15
22680,63,comuna4
14718,85,comuna6
42736,41,comuna9
40874,25,comuna4
30488,38,comuna14
27989,90,comuna15
16964,53,comuna14
5718,58,comnuna3
28626,56,comuna14
45067,62,comuna10
30847,19,comuna10
44667,57,comuna6
18809,58,comuna7
47156,18,comuna12
26338,12,comuna7
27388,88,comuna1
4553,29,comnuna3
13498,25,comuna2
46770,41,comuna15
15593,66,comuna12
37909,79,comuna15
4985,25,comuna7
28288,37,comnuna3
44259,47,comuna14
36939,67,comuna9
18060,74,comuna9
25586,61,comuna10
196,76,comuna11
35777,74,comuna12
43506,57,comuna1
5601,17,comuna4
37069,58,comuna4
12977,22,comuna6
14737,64,comnuna3
35410,11,comuna8
14006,12,comuna2
10857,21,comuna6
28942,61,comuna7
7752,68,comuna13
30541,56,comuna1
36658,23,comuna5
32847,57,comuna8
29934,19,comuna11
16491,25,comuna9
3951,10,comuna13
6215,48,comuna5
3172,84,comuna15
13111,49,comuna14
12549,71,comuna5
44261,76,comuna10
32023,43,comuna15
3202,29,comuna14
22725,51,comuna8
30462,14,comuna8
34664,61,comuna6
25844,18,comuna1
25687,37,comuna16
32825,53,comuna16
36080,77,comuna13
25078,25,comuna5
40609,42,comuna4
10345,69,comuna13
19951,67,comnuna3
17335,82,comuna13
20340,18,comuna10
2500,41,comuna15
3968,43,comnuna3
12941,84,comuna8
6668,86,comuna2
41342,34,comuna4
17837,76,comuna2
48604,71,comnuna3
39130,54,comuna2
3458,52,comuna10
38410,22,comuna1
32572,86,comuna10
32483,55,comuna5
27356,33,comuna10
20852,69,comuna9
15493,69,comuna1
39005,84,comuna7
6966,32,comuna11
43600,76,comuna1
24964,10,comuna14
27686,10,comuna16
19211,56,comuna1
18101,53,comuna5
49208,30,comuna11
42142,89,comuna11
6414,53,comuna8
6973,89,comuna15
25409,17,comuna5
9684,41,comuna12
45167,60,comuna5
11633,77,comuna9
20321,26,comuna8
36027,20,comuna8
26022,40,comuna12
29099,53,comuna10
15637,53,comuna2
21697,74,comuna7
17417,53,comuna13
43785,58,comuna14
17390,90,comuna4
19830,81,comuna16
1252,31,comuna7
32410,41,comuna9
14949,81,comuna10
37686,16,comuna1
25847,40,comuna7
8149,69,comuna16
22970,35,comuna15
5958,56,comuna13
3506,56,comuna13
35304,52,comuna10
36368,52,comuna11
17494,54,comuna6
41326,33,comuna2
41446,60,comuna12
30184,62,comnuna3
8894,88,comuna14
5694,41,comuna6
17913,60,comuna14
799,62,comuna15
39103,36,comuna5
31602,22,comuna1
26155,66,comuna2
13379,27,comuna8
22942,83,comuna16
4955,69,comuna10
7637,13,comuna7
41250,30,comuna12
6650,65,comuna9
16514,50,comnuna3
38330,39,comuna1
37923,78,comuna10
41223,41,comuna9
15133,18,comuna2
18614,24,comuna5
16420,30,comuna16
13167,34,comnuna3
2306,82,comuna8
242,71,comuna12
24047,37,comuna14
5575,16,comuna9
3908,33,comuna15
634,80,comuna2
22910,78,comuna16
26477,13,comuna6
27307,66,comnuna3
9060,31,comuna6
30043,53,comuna14
42100,86,comuna12
47862,87,comuna4
3712,75,comnuna3
3138,49,comuna12
45096,52,comuna4
17776,46,comuna11
4801,29,comuna8
11375,25,comuna8
29662,47,comuna9
44872,60,comnuna3
2259,22,comnuna3
48940,53,comnuna3
4605,65,comuna16
40348,30,comuna6
941,35,comnuna3
9631,26,comuna16
35723,14,comuna8
5637,65,comuna2
3254,35,comuna15
444,66,comuna6
11084,87,comuna16
27063,13,comnuna3
45703,82,comuna11
43145,80,comuna16
46365,78,comuna15
36879,31,comnuna3
11703,23,comuna9
25070,57,comuna10
10298,20,comuna16
551,73,comuna1
29350,39,comuna12
34951,55,comnuna3
10964,54,comuna13
3267,43,comnuna3
25596,87,comuna4
33526,71,comuna12
28999,10,comuna14
30908,83,comuna10
10444,52,comuna2
32361,81,comuna15
11441,42,comuna6
29253,60,comuna16
33827,38,comuna10
33435,28,comuna9
31937,26,comuna9
12620,16,comuna10
40631,19,comuna12
39125,51,comuna13
39626,81,comuna11
16295,52,comuna7
4469,20,comuna8
31053,74,comuna5
44124,14,comuna4
43106,34,comuna1
27979,49,comuna14
2876,30,comuna16
31990,70,comuna8
20967,81,comuna13
194,17,comuna12
9821,75,comnuna3
20042,21,comuna9
11896,40,comuna2
27630,47,comuna15
30733,12,comuna2
24373,66,comuna6
27985,53,comuna4
5542,86,comuna13
33245,66,comuna10
11637,29,comuna16
19193,89,comuna12
35789,52,comuna5
43331,83,comuna5
24516,39,comuna11
17781,64,comuna16
49797,16,comuna8
44770,36,comnuna3
16256,81,comuna2
12523,36,comuna2
10914,88,comuna12
14262,26,comuna5
42878,61,comuna5
38989,45,comuna12
24426,87,comuna7
25006,43,comuna16
13858,38,comuna5
46300,37,comuna9
9396,66,comuna7
13576,58,comuna11
662,32,comuna4
29683,67,comnuna3
27824,64,comuna11
39652,53,comnuna3
36705,87,comnuna3
11679,24,comuna4
38720,26,comuna16
37245,37,comuna4
21630,54,comuna1
30634,77,comuna9
6342,60,comuna4
29928,20,comuna16
37571,50,comuna14
401,57,comuna13
43116,30,comuna4
34733,46,comuna5
4030,26,comuna7
5515,20,comuna9
7711,82,comuna13
15067,74,comuna8
12201,63,comuna12
22810,77,comuna10
17384,48,comuna15
11731,67,comuna12
22196,59,comuna5
3053,69,comuna13
39820,18,comuna7
44163,39,comuna15
4834,61,comuna15
37661,20,comuna12
37079,19,comnuna3
31369,48,comuna7
29838,24,comuna15
41056,53,comnuna3
46377,61,comuna13
22967,10,comuna13
49035,48,comuna5
44767,59,comuna9
46150,35,comuna16
8742,44,comuna16
24799,34,comuna7
38708,38,comuna15
14671,13,comuna10
34994,65,comnuna3
3371,30,comuna11
21379,34,comuna2
33679,24,comuna11
9168,58,comnuna3
27979,45,comuna9
36016,23,comuna13
31528,62,comuna8
38448,58,comuna13
39866,22,comuna9
1009,64,comuna11
43111,17,comuna5
46076,51,comuna8
5133,59,comuna9
47843,75,comuna10
30896,34,comuna5
33821,11,comuna12
23685,63,comuna14
34698,39,comnuna3
35405,66,comuna11
3204,28,comuna4
15818,23,comuna1
10925,53,comuna1
4296,57,comuna13
41054,47,comnuna3
39900,26,comuna9
34568,52,comuna5
24837,52,comnuna3
31783,58,comuna8
39253,15,comnuna3
10037,63,comuna5
31114,14,comuna14
6780,67,comuna2
26998,20,comuna15
36853,66,comuna14
29908,69,comuna8
13906,14,comuna16
47687,31,comuna4
34818,76,comuna5
23857,56,comuna1
12420,22,comuna1
5123,44,comuna7
16952,29,comuna9
48788,18,comuna13
38115,62,comuna1
22947,10,comuna13
39440,13,comuna7
24196,67,comnuna3
13916,61,comnuna3
49817,29,comuna2
48179,35,comuna10
43025,37,comuna7
6652,76,comuna10
36235,37,comuna16
45591,76,comuna16
16386,69,comuna11
12379,78,comnuna3
36219,42,comuna8
42897,58,comuna1
17983,20,comuna5
19855,21,comuna14
13585,35,comuna6
12214,52,comuna9
3377,72,comuna12
5159,30,comuna5
3736,40,comuna6
44491,35,comuna8
6346,59,comuna13
1445,51,comuna15
39252,59,comuna14
24847,15,comuna4
31956,84,comuna6
15007,10,comuna10
47378,18,comuna12
6622,16,comuna16
16278,59,comuna12
26982,65,comuna13
2516,27,comuna13
16575,16,comuna15
32055,40,comuna15
41757,44,comuna11
110,48,comuna14
32593,39,comuna10
4989,83,comuna2
14757,80,comuna8
20961,64,comuna6
18361,50,comuna9
19532,66,comuna8
16620,33,comuna15
37907,39,comuna12
44090,37,comuna16
21107,56,comuna13
47359,51,comuna13
4072,12,comuna13
10340,87,comuna9
28019,83,comuna14
27432,14,comuna7
24524,49,comuna16
30113,19,comuna10
32874,36,comuna10
30353,87,comuna12
13964,64,comuna7
6280,57,comuna2
10543,61,comuna11
25712,17,comuna4
42030,54,comuna12
28310,65,comuna6
6386,18,comuna4
29896,72,comuna16
4385,68,comuna4
19675,75,comuna6
34582,39,comuna5
13071,18,comuna2
20956,75,comuna7
35709,35,comuna14
13206,59,comuna6
22674,44,comuna4
14835,14,comuna7
11545,37,comnuna3
29744,49,comuna15
10489,47,comuna2
27913,14,comuna7
12462,32,comuna12
2840,59,comnuna3
1786,79,comuna12
39601,68,comuna1
37795,21,comuna14
48483,75,comuna10
21985,27,comuna12
42161,57,comuna9
24305,49,comuna1
7718,52,comuna13
19138,12,comuna15
41084,54,comuna4
18527,53,comuna16
45812,56,comuna4
38887,30,comuna9
39508,33,comuna6
13135,15,comuna4
36691,41,comuna4
29462,34,comuna4
3698,28,comnuna3
3147,15,comnuna3
35513,27,comuna1
46604,78,comuna12
17129,38,comuna16
19731,75,comuna16
26187,14,comuna16
15637,61,comuna7
49509,18,comuna13
37157,18,comuna13
28180,80,comuna15
29250,30,comuna10
45914,58,comuna11
28693,33,comuna8
22790,81,comnuna3
11256,54,comuna13
21050,23,comuna8
30627,34,comuna4
4888,80,comuna16
14248,29,comuna6
26450,67,comuna6
30616,77,comuna16
37704,10,comuna10
26132,52,comuna8
18375,22,comuna2
10897,28,comuna4
27627,35,comuna2
11427,64,comuna15
10938,20,comuna16
47629,10,comuna6
9502,84,comuna7
37089,48,comuna14
36231,17,comuna11
29106,26,comuna12
2057,60,comuna12
4309,68,comuna16
30349,41,comuna1
14030,58,comuna7
38531,21,comuna12
26097,81,comuna15
36361,74,comuna8
19517,61,comuna1
43105,47,comuna8
45525,54,comuna2
10226,90,comuna5
14658,11,comuna11
42605,49,comuna8
27335,10,comuna6
22494,60,comuna4
22447,26,comuna4
38550,58,comuna16
41674,65,comuna2
42846,21,comuna12
36665,37,comnuna3
22023,88,comuna4
38974,29,comuna8
5943,38,comuna4
16380,90,comuna5
20835,35,comuna10
19074,12,comuna16
39445,72,comuna6
18680,77,comuna15
4234,52,comuna4
20724,88,comuna2
8538,11,comuna12
3578,61,comuna2
25106,74,comuna2
38191,31,comuna16
9848,26,comuna13
34903,25,comuna6
22372,32,comnuna3
35068,19,comuna10
713,75,comuna13
35204,48,comuna4
7390,35,comuna13
35112,57,comuna11
2970,15,comuna12
11103,60,comuna5
14819,84,comuna5
605,67,comuna11
35916,18,comuna7
6701,68,comuna6
13760,72,comuna7
33286,28,comuna4
2141,42,comuna1
42083,38,comuna15
31269,89,comuna11
2475,80,comuna14
39608,40,comuna2
11166,38,comuna12
47613,42,comuna5
30594,28,comuna14
43413,19,comuna6
23872,46,comuna12
22100,80,comuna10
10211,55,comuna1
43206,63,comnuna3
3474,60,comuna6
9465,23,comuna11
14791,30,comuna13
46896,58,comuna1
39458,12,comuna1
35081,87,comuna11
25451,56,comuna9
3454,85,comuna12
29457,18,comuna8
18802,28,comuna12
43420,52,comuna9
23356,32,comnuna3
18139,89,comuna10
32449,36,comuna12
9129,29,comuna8
41183,71,comuna8
40107,35,comuna11
23766,54,comuna8
1025,40,comuna10
8961,45,comuna2
6422,59,comuna11
32661,87,comuna1
43887,11,comuna6
35507,44,comuna1
48332,80,comuna4
29019,46,comuna10
42027,12,comnuna3
33974,50,comuna7
13412,11,comuna2
31985,90,comuna13
4468,78,comuna7
2264,26,comuna4
33469,27,comuna7
28201,70,comuna8
18773,41,comuna12
27252,36,comuna13
9010,63,comuna5
4883,29,comuna15
43520,24,comuna1
38900,53,comuna9
49019,79,comuna15
9905,87,comuna4
35297,66,comuna6
11133,32,comuna2
34881,39,comuna14
15984,82,comuna2
38823,88,comuna6
40830,77,comuna4
34405,24,comuna15
30315,49,comuna2
27508,60,comuna12
24298,77,comuna13
44367,32,comuna16
36371,62,comuna11
49462,89,comuna16
11932,61,comnuna3
31411,43,comuna8
30742,32,comnuna3
19,80,comuna4
38072,20,comuna14
8938,47,comuna10
4054,80,comuna7
28525,31,comuna14
34393,70,comuna9
28670,50,comuna5
24532,83,comuna8
12798,79,comnuna3
26985,67,comuna2
31062,54,comuna6
2788,20,comuna4
27245,63,comuna9
3032,41,comuna1
48738,82,comuna12
42778,22,comuna8
39637,17,comuna9
14754,57,comnuna3
1364,73,comuna1
34859,87,comuna15
49580,86,comuna5
34009,66,comuna7
8550,64,comuna7
43648,89,comuna5
19830,71,comuna12
25403,31,comuna7
39363,31,comuna8
38424,90,comuna8
17303,60,comnuna3
26126,82,comuna14
47649,74,comuna9
16889,52,comuna1
38518,31,comuna4
30952,39,comnuna3
5656,65,comuna15
47932,29,comuna10
49816,42,comuna8
24311,23,comuna1
30423,68,comuna6
40425,47,comuna10
37068,82,comuna5
28463,52,comuna1
27345,13,comuna1
36654,27,comuna16
31235,50,comuna14
15538,12,comuna14
5503,62,comuna11
29242,16,comuna6
48650,25,comuna11
19460,77,comuna1
38972,78,comuna16
5629,22,comuna8
25546,83,comuna16
20405,67,comuna6
12880,67,comuna4
22291,37,comuna13
32130,71,comuna5
46444,57,comuna10
29032,19,comnuna3
5650,68,comuna8
4471,66,comuna1
43423,32,comuna6
25840,59,comuna12
30958,61,comuna12
23140,77,comuna8
19677,37,comuna2
36224,61,comuna8
7337,10,comuna14
12587,30,comuna11
20680,30,comuna2
359,36,comuna1
5907,25,comuna8
14037,90,comuna10
14567,46,comuna5
43822,75,comuna12
29289,45,comuna13
45196,72,comuna8
42447,68,comuna1
2813,50,comuna14
19127,57,comuna7
44643,29,comuna16
13821,45,comuna11
325,15,comuna4
49314,90,comuna12
30733,52,comuna15
46521,79,comuna1
8687,41,comuna5
9164,75,comuna12
1000,85,comuna14
5822,85,comuna6
16887,18,comuna6
43205,10,comnuna3
49057,86,comuna8
45107,88,comuna11
13362,76,comuna9
10404,33,comuna2
6585,57,comnuna3
21145,36,comuna10
40091,17,comuna10
46803,11,comuna6
28137,42,comuna2
37861,12,comuna2
13992,39,comuna13
11679,33,comuna13
24575,39,comuna12
34288,58,comuna15
10886,86,comuna5
5464,30,comuna2
24421,72,comnuna3
10783,65,comnuna3
15305,65,comuna5
16692,14,comuna12
25110,67,comuna11
1662,20,comuna14
26514,67,comuna14
34857,77,comuna5
23077,46,comuna6
34727,13,comuna1
5015,78,comuna14
16458,19,comuna16
45665,15,comuna14
13404,34,comuna4
37833,14,comuna8
26986,54,comuna4
23751,51,comuna5
41660,35,comuna5
1033,68,comuna5
30448,73,comuna4
16982,90,comuna2
47772,29,comuna1
28799,71,comuna13
30200,13,comuna8
21336,61,comuna6
13402,25,comuna1
22169,49,comnuna3
14804,27,comuna4
29774,19,comuna6
26541,80,comuna1
41249,80,comuna14
24795,44,comuna4
9133,30,comuna2
38344,76,comuna6
25825,39,comuna9
36458,28,comuna11
9432,17,comuna13
17926,28,comnuna3
9589,85,comuna5
15909,38,comuna13
49112,65,comuna15
19828,83,comuna5
27129,35,comuna12
34769,27,comuna12
5408,37,comuna7
26701,78,comuna9
4408,84,comuna2
22282,25,comuna4
39075,71,comuna1
32173,60,comuna6
25084,42,comuna7
4750,65,comuna13
12573,46,comuna13
20483,27,comuna15
48619,10,comuna15
42773,43,comuna14
43312,26,comuna7
12762,61,comuna6
26811,42,comuna6
14542,90,comuna12
31161,82,comuna1
14273,33,comuna9
18280,13,comuna12
42018,22,comuna12
28144,47,comuna9
27427,20,comuna2
30056,40,comuna8
18661,26,comuna4
48996,61,comuna2
5445,36,comuna13
42655,24,comuna2
21165,23,comuna10
3306,10,comuna15
34181,35,comuna16
152,12,comuna15
48337,27,comuna13
27780,71,comuna2
35658,24,comuna4
38563,61,comuna11
6924,78,comuna8
29804,74,comuna14
33174,11,comuna13
33260,50,comuna6
35116,85,comuna8
15699,47,comuna7
38519,48,comuna12
3282,50,comuna8
42479,67,comuna9
35456,37,comuna9
13991,52,comuna10
1705,51,comuna14
17361,57,comuna16
22246,32,comuna1
44072,37,comuna10
20609,37,comuna4
23016,67,comuna13
36762,43,comuna5
49893,22,comuna4
39599,55,comuna1
35584,63,comuna4
28308,38,comuna16
17548,80,comuna1
21291,16,comuna8
8885,59,comuna13
43155,40,comuna13
32202,67,comuna8
17466,32,comuna16
18653,78,comuna1
33214,57,comuna11
44817,16,comuna8
44736,39,comuna15
45831,83,comuna13
24615,77,comuna9
958,18,comuna16
49500,46,comuna16
32637,11,comuna11
34458,16,comuna15
41974,36,comuna12
21825,86,comuna14
13389,57,comuna6
16262,12,comuna1
15177,77,comuna16
30692,57,comuna11
26790,51,comuna14
27197,86,comuna10
16096,71,comuna16
5292,11,comuna14
17947,23,comuna9
24895,29,comuna16
35257,62,comuna2
15982,88,comuna1
43458,71,comuna13
41349,83,comuna10
34152,47,comuna11
17727,36,comuna9
47901,67,comuna8
18882,65,comuna12
13374,74,comuna2
11364,59,comuna2
47038,90,comuna15
1196,54,comuna7
11283,84,comuna12
8968,58,comuna11
11030,70,comuna10
45776,60,comuna11
46263,27,comuna13
43220,19,comuna13
25770,52,comuna11
5178,41,comuna14
20500,89,comnuna3
38385,33,comuna16
31264,76,comuna7
25082,80,comuna1
48909,79,comuna6
42535,45,comuna12
30368,69,comnuna3
11051,28,comuna16
43420,49,comuna6
5848,21,comuna6
25954,26,comuna4
3843,46,comuna8
23419,34,comuna14
4513,90,comuna9
6698,29,comuna8
49563,87,comuna16
17428,74,comuna10
22127,53,comuna5
17744,85,comuna10
29431,81,comuna14
44857,79,comuna1
29191,56,comuna2
35431,29,comuna14
39714,18,comuna5
31099,89,comuna11
41224,60,comuna10
8514,52,comuna10
49628,32,comuna10
26579,12,comuna1
8646,70,comuna1
22230,14,comuna14
41653,36,comuna8
47232,44,comuna11
13958,25,comnuna3
13819,81,comnuna3
37906,52,comuna16
22080,36,comuna6
35063,26,comuna11
11821,60,comuna16
28972,37,comuna13
2148,53,comuna13
48960,76,comuna14
10644,55,comuna14
23981,71,comuna14
29471,55,comuna11
45695,35,comuna16
9752,47,comuna7
47964,77,comuna15
23148,13,comuna16
16451,63,comuna16
40050,62,comuna9
28676,76,comuna15
37356,56,comuna7
38662,86,comuna15
26309,15,comuna15
34039,54,comuna9
24839,62,comuna4
32655,55,comuna8
36281,37,comuna1
14425,86,comuna15
23784,46,comnuna3
45270,51,comuna14
41923,80,comuna16
452,90,comuna11
42837,54,comuna14
19738,69,comuna14
32055,74,comuna6
22491,90,comuna14
39523,85,comuna5
10122,13,comuna7
38894,90,comuna15
31439,45,comuna2
34511,20,comuna12
43995,13,comuna13
11119,64,comuna9
33343,65,comuna12
3541,70,comuna15
27366,21,comuna14
33535,72,comuna5
36870,43,comuna8
29819,44,comuna5
1787,47,comuna8
2845,88,comuna15
40020,13,comuna8
38001,59,comuna14
24274,11,comuna13
28013,39,comuna4
42895,64,comuna13
48710,77,comnuna3
4058,72,comuna5
20046,40,comuna4
7886,44,comuna6
36909,31,comuna11
13661,14,comuna9
23056,79,comuna8
35216,58,comuna5
11830,90,comuna13
3411,18,comuna14
17743,46,comuna8
17087,15,comuna11
29258,38,comuna4
21948,65,comuna13
41384,64,comuna10
24298,41,comnuna3
35354,84,comuna16
13684,66,comuna2
29628,18,comuna5
39884,48,comuna13
6698,67,comuna2
16357,17,comuna1
21991,58,comuna9
12341,47,comuna5
45064,73,comuna6
43833,63,comuna6
26850,12,comuna15
6124,79,comuna7
12431,27,comuna5
44807,50,comuna14
2565,71,comuna1
34617,29,comuna11
26372,83,comuna2
41093,78,comuna11
39531,87,comuna2
35251,86,comuna4
20174,74,comuna11
6412,12,comuna2
41221,51,comuna10
25188,54,comnuna3
44543,79,comuna14
44058,11,comuna16
6469,23,comuna4
27026,41,comuna7
44176,37,comuna8
17853,64,comuna2
8665,34,comuna7
20207,28,comuna16
1123,51,comuna5
38117,82,comuna2
46353,85,comuna8
5797,62,comuna8
29412,64,comuna13
26845,16,comuna6
30670,39,comuna9
45305,66,comuna10
6856,56,comuna7
13829,88,comuna11
13642,59,comuna2
11611,84,comuna12
7993,64,comuna4
27954,13,comuna8
1473,38,comuna6
22037,36,comuna9
6319,29,comuna2
40173,40,comuna6
34054,45,comuna8
48081,47,comuna10
6220,34,comuna4
28047,24,comuna14
27295,57,comuna5
6009,86,comuna15
26349,21,comuna8
43489,71,comuna9
3919,23,comuna16
9022,12,comuna16
2292,25,comuna13
3696,34,comuna13
326,28,comuna9
7653,45,comuna8
29031,45,comuna10
13675,66,comnuna3
4034,69,comuna9
40515,43,comuna11
7679,81,comuna8
23608,55,comuna1
5119,78,comuna1
1598,47,comuna5
44678,78,comnuna3
9283,79,comnuna3
46298,36,comuna12
9487,49,comuna1
20741,24,comuna5
19676,20,comuna8
27366,58,comuna9
11626,73,comuna2
9238,52,comuna6
42562,46,comuna9
12835,42,comuna8
10464,39,comuna2
37227,16,comuna10
18211,48,comuna5
14864,30,comuna8
23294,54,comuna9
16042,22,comuna9
9369,82,comuna12
3524,13,comuna14
18174,34,comuna1
2199,66,comuna6
32122,58,comuna9
7691,27,comuna5
2270,26,comuna2
43136,12,comuna9
9849,37,comuna13
30403,40,comuna16
1805,60,comuna9
11897,59,comuna12
32740,63,comuna2
32925,54,comnuna3
44133,38,comuna13
31621,72,comnuna3
8749,85,comuna6
24955,73,comuna16
19307,42,comuna8
44541,79,comuna12
8857,88,comuna13
28,36,comuna1
24622,19,comuna11
38916,39,comuna10
18812,78,comuna6
18187,88,comuna7
24645,86,comuna10
18050,75,comuna14
39138,90,comuna9
6605,77,comuna2
49845,10,comuna14
33185,65,comuna7
27769,42,comuna10
31757,67,comuna13
12747,89,comuna13
40403,27,comuna11
30645,63,comuna4
39224,87,comuna10
13147,78,comuna4
10675,15,comuna7
10050,61,comuna4
17942,35,comuna9
21471,43,comuna16
15655,80,comuna6
35177,78,comuna6
9306,89,comuna11
17506,68,comnuna3
35008,84,comuna7
17515,14,comuna7
38113,86,comuna9
6566,12,comuna12
23425,46,comuna5
29450,78,comuna5
26504,60,comuna13
2000,72,comuna4
30720,24,comuna10
12041,62,comuna16
47726,71,comuna16
15290,16,comuna6
4558,53,comuna11
9374,90,comuna13
13126,20,comuna12
31817,28,comuna7
49613,58,comuna14
44036,11,comuna2
38778,64,comuna8
48741,49,comnuna3
13512,10,comuna4
29233,61,comuna15
16205,63,comuna14
13896,11,comuna12
42592,11,comuna13
19891,72,comuna12
20117,66,comuna6
29153,27,comuna16
4901,30,comuna4
33216,33,comuna5
39285,30,comuna10
7002,87,comuna1
47260,84,comuna12
9380,46,comuna16
33811,70,comuna4
11813,66,comuna1
12399,34,comuna14
28561,81,comuna9
16156,44,comuna15
41159,37,comuna5
28545,34,comuna6
15489,17,comuna2
15947,32,comuna10
27877,63,comuna13
3966,47,comuna15
30552,56,comuna9
44114,72,comuna2
30242,77,comuna16
48130,32,comuna11
9133,60,comuna5
2955,58,comuna6
47445,12,comuna8
8975,28,comuna10
48399,84,comuna2
30637,56,comuna8
28164,44,comuna15
15234,57,comuna9
26247,90,comuna5
15248,12,comuna10
30548,74,comuna4
28200,82,comuna8
35553,24,comuna4
9567,76,comuna7
30515,22,comnuna3
24208,58,comuna1
10774,51,comuna13
44566,56,comuna7
20681,83,comuna13
20865,61,comuna4
23,31,comuna4
6681,55,comuna2
30163,56,comuna1
10354,86,comuna15
6709,81,comuna10
41898,28,comuna4
3628,15,comuna13
29996,85,comuna7
21369,15,comuna12
37337,74,comuna15
41318,60,comnuna3
34859,51,comuna14
29130,11,comuna15
7865,55,comuna1
49816,76,comuna4
12751,37,comuna8
28482,15,comuna15
26549,20,comuna7
44638,73,comuna11
28316,27,comuna1
1311,22,comuna6
7286,40,comuna13
28850,68,comuna13
16382,30,comuna11
30748,10,comuna1
10397,54,comuna13
4341,72,comuna7
3484,39,comuna10
18479,26,comuna13
18582,73,comuna6
2008,47,comuna9
13043,56,comuna6
44055,18,comuna4
31687,10,comuna10
2377,82,comuna13
915,77,comuna13
12334,27,comuna10
35017,80,comuna8
38655,12,comuna4
26145,72,comuna12
12173,41,comuna12
10073,27,comuna8
33473,49,comuna9
44056,34,comuna5
25489,30,comuna12
46622,46,comnuna3
41538,32,comuna15
37154,69,comuna1
10343,12,comuna14
32452,87,comuna5
2916,83,comuna1
32059,46,comuna14
36002,87,comuna8
35748,87,comuna7
42386,37,comuna16
13981,17,comuna9
41210,29,comuna9
17111,13,comuna7
12450,88,comuna15
1516,33,comuna9
8145,74,comuna2
31481,23,comuna12
17113,44,comuna6
7858,42,comuna13
31733,75,comuna14
19991,86,comuna16
48012,65,comuna1
33511,42,comuna1
37015,35,comuna7
992,24,comuna7
8014,73,comuna12
3868,57,comuna15
44912,15,comuna12
9794,35,comuna6
35624,22,comuna10
8588,67,comuna1
23248,33,comuna9
14222,43,comuna12
19268,72,comuna16
17509,19,comuna15
33098,63,comuna16
25182,28,comuna5
3455,82,comuna6
7034,48,comuna1
1266,22,comuna8
28781,39,comuna15
32689,28,comuna12
48945,25,comuna5
33320,25,comuna7
35658,19,comuna2
38394,82,comuna13
10416,80,comuna16
4356,17,comuna6
47670,81,comuna14
30886,74,comnuna3
46493,64,comnuna3
37214,50,comuna8
7653,76,comuna5
41266,10,comuna8
10008,80,comuna4
47641,78,comuna9
28565,25,comuna6
39107,85,comuna2
24578,17,comuna11
3355,25,comuna11
8959,39,comuna5
26345,32,comuna11
12058,85,comnuna3
33328,75,comuna10
38053,45,comuna12
4358,78,comuna11
7729,66,comuna15
23065,65,comuna1
15897,46,comuna9
40806,83,comuna11
33899,86,comuna5
41348,44,comuna4
36372,70,comuna13
17844,34,comuna7
10645,59,comuna16
6160,73,comuna10
37738,22,comuna9
27127,80,comuna10
16744,12,comnuna3
15315,41,comuna2
27219,70,comuna2
28710,10,comuna2
41208,66,comuna12
17455,87,comuna8
27531,23,comuna5
40634,53,comuna16
6308,19,comuna12
2514,84,comuna14
3886,18,comuna15
48173,83,comuna14
42749,18,comuna9
14728,17,comuna8
4572,37,comuna12
18856,59,comuna16
9199,11,comuna11
18929,86,comuna12
37239,17,comuna15
7622,36,comuna5
6746,67,comnuna3
4473,65,comuna4
29843,19,comuna13
47738,69,comuna12
