comuna,ICA,fecha,id
comuna8,28,2024-01-30,25654
comuna14,25,2024-06-25,31220
comuna7,19,2024-06-23,49472
comuna8,40,2024-06-25,19851
comuna8,27,2024-01-30,41621
comuna11,78,2024-01-30,27061
comuna8,84,2024-06-23,38597
comuna9,39,2024-07-31,4337
comuna1,52,2024-06-23,21783
comuna11,98,2024-06-23,40511
comuna12,55,2024-06-23,20614
comuna2,12,2024-06-23,22437
comuna10,32,2024-07-31,36168
comuna13,93,2024-07-31,48268
comuna4,68,2024-06-23,7967
comuna6,42,2024-01-30,29907
comuna16,48,2024-06-25,3892
comuna8,50,2024-06-23,250
comuna5,60,2024-06-23,1205
comuna6,63,2024-06-23,49110
comuna15,33,2024-06-25,49923
comuna5,46,2024-01-30,13694
comuna1,27,2024-06-23,39887
comuna6,87,2024-07-31,7712
comuna10,38,2024-06-23,6387
comuna16,82,2024-06-25,26689
comuna13,77,2024-01-30,49483
comuna1,37,2024-01-30,22640
comuna11,91,2024-01-30,41542
comnuna3,19,2024-07-31,9125
comuna7,84,2024-06-23,15195
comuna1,100,2024-01-30,2478
comnuna3,56,2024-06-25,42521
comuna8,78,2024-06-25,5715
comuna14,68,2024-01-30,30947
comuna11,21,2024-07-31,49392
comnuna3,27,2024-06-23,39412
comuna16,17,2024-06-23,42584
comuna5,30,2024-06-23,36915
comuna5,28,2024-06-23,45784
comnuna3,93,2024-06-23,34056
comuna11,47,2024-07-31,29045
comnuna3,42,2024-07-31,1356
comuna4,82,2024-06-25,32868
comuna6,17,2024-06-23,37929
comuna1,23,2024-01-30,44437
comuna11,74,2024-06-23,41395
comuna6,10,2024-07-31,36969
comuna15,18,2024-07-31,8236
comuna2,77,2024-06-23,7739
comuna10,32,2024-01-30,33162
comuna2,48,2024-01-30,28024
comuna15,100,2024-01-30,43311
comuna5,56,2024-07-31,12902
comuna9,51,2024-06-25,22091
comuna12,65,2024-06-25,9118
comuna16,41,2024-07-31,42502
comuna11,35,2024-01-30,15398
comnuna3,65,2024-01-30,26677
comuna6,98,2024-06-23,29754
comuna16,33,2024-06-25,49066
comuna5,95,2024-06-25,11255
comuna4,80,2024-06-23,22230
comuna8,29,2024-07-31,30714
comuna9,66,2024-06-25,1009
comuna11,69,2024-07-31,36866
comnuna3,25,2024-06-25,47281
comuna4,32,2024-06-25,41343
comuna13,11,2024-07-31,42966
comuna10,42,2024-07-31,32570
comuna11,15,2024-07-31,27345
comuna12,89,2024-06-25,40556
comuna4,88,2024-06-23,9766
comuna10,10,2024-06-25,12260
comuna6,79,2024-06-25,9515
comuna9,68,2024-01-30,23754
comuna7,94,2024-01-30,26164
comuna11,26,2024-06-25,23701
comnuna3,34,2024-01-30,16559
comuna4,13,2024-01-30,34450
comuna15,73,2024-06-23,14852
comuna1,69,2024-07-31,33298
comuna15,59,2024-07-31,47329
comnuna3,40,2024-06-25,22576
comuna10,78,2024-01-30,16519
comuna8,31,2024-06-23,40516
comuna6,56,2024-01-30,18627
comuna2,59,2024-06-23,49821
comuna16,26,2024-06-23,38987
comuna14,81,2024-06-25,17298
comuna5,22,2024-01-30,616
comuna16,22,2024-01-30,37080
comuna16,78,2024-06-25,35746
comuna5,81,2024-06-23,17905
comuna11,29,2024-06-23,12785
comuna13,23,2024-06-23,31048
comuna16,47,2024-06-25,37550
comuna4,81,2024-06-23,24903
comuna16,60,2024-07-31,40337
comuna16,40,2024-01-30,47945
comuna12,98,2024-01-30,22097
comuna8,39,2024-06-23,40424
comuna15,68,2024-06-25,29155
comuna2,62,2024-01-30,11439
comuna4,36,2024-01-30,2901
comuna15,81,2024-06-23,16788
comnuna3,31,2024-06-25,49873
comuna5,28,2024-01-30,779
comuna6,93,2024-06-25,4582
comuna11,16,2024-07-31,4145
comuna7,80,2024-01-30,12198
comuna12,66,2024-01-30,36139
comuna6,70,2024-06-23,49566
comuna11,44,2024-07-31,36340
comuna1,26,2024-01-30,8126
comuna16,66,2024-01-30,20529
comuna15,35,2024-01-30,34952
comuna8,14,2024-06-23,1092
comuna1,81,2024-01-30,35149
comuna6,94,2024-07-31,42479
comuna15,71,2024-06-25,17491
comuna11,43,2024-06-23,17792
comuna4,89,2024-01-30,9464
comuna14,26,2024-07-31,18306
comuna7,55,2024-06-25,12821
comuna11,41,2024-06-25,22907
comuna8,66,2024-06-23,46438
comuna10,54,2024-06-25,9898
comuna7,37,2024-06-23,2762
comnuna3,33,2024-06-25,42481
comuna16,94,2024-06-23,26210
comuna15,21,2024-01-30,207
comuna16,48,2024-06-25,33590
comuna4,74,2024-06-23,12048
comuna10,70,2024-01-30,37240
comuna15,55,2024-01-30,14416
comuna2,83,2024-07-31,33091
comuna16,98,2024-06-23,35632
comuna8,11,2024-06-25,7274
comuna11,32,2024-01-30,35177
comuna4,74,2024-01-30,16851
comuna1,22,2024-07-31,41892
comuna2,18,2024-07-31,33326
comuna6,94,2024-06-25,46753
comuna4,18,2024-07-31,29478
comuna8,75,2024-06-25,5987
comuna11,14,2024-06-25,38173
comnuna3,30,2024-01-30,46630
comnuna3,89,2024-07-31,45397
comuna2,86,2024-06-25,28085
comuna2,44,2024-06-25,13760
comuna10,71,2024-01-30,23143
comuna5,41,2024-07-31,31256
comuna16,69,2024-06-23,13001
comuna6,96,2024-06-25,8628
comuna10,27,2024-07-31,26875
comuna4,53,2024-06-23,36956
comuna13,28,2024-06-23,14916
comuna6,68,2024-06-25,30031
comuna2,13,2024-06-23,2071
comuna13,73,2024-06-23,8046
comuna12,22,2024-07-31,11548
comuna12,60,2024-01-30,13241
comuna2,34,2024-06-23,4565
comuna14,89,2024-06-23,43838
comuna4,50,2024-06-23,8446
comuna15,59,2024-01-30,49125
comuna13,57,2024-06-23,9651
comuna13,74,2024-07-31,39640
comuna11,49,2024-07-31,17370
comnuna3,42,2024-06-25,24098
comnuna3,67,2024-07-31,4071
comuna8,34,2024-01-30,10385
comuna13,64,2024-06-23,24473
comuna1,16,2024-07-31,9693
comuna6,43,2024-06-25,9667
comuna7,80,2024-01-30,26280
comuna13,62,2024-01-30,16079
comuna11,31,2024-06-23,30254
comuna4,25,2024-06-25,49912
comuna7,17,2024-06-25,38599
comuna10,33,2024-06-25,16838
comuna11,82,2024-07-31,12924
comuna7,89,2024-06-23,40151
comuna14,63,2024-01-30,24265
comuna2,69,2024-06-25,2071
comuna8,35,2024-01-30,66
comnuna3,86,2024-01-30,37447
comuna6,65,2024-06-23,39138
comuna12,90,2024-01-30,28858
comuna7,99,2024-06-25,40881
comuna16,10,2024-07-31,45568
comuna4,95,2024-06-23,6152
comuna1,70,2024-06-23,8941
comuna12,60,2024-06-25,7607
comuna11,10,2024-01-30,37592
comuna4,53,2024-06-23,8497
comuna5,12,2024-01-30,13891
comuna8,51,2024-01-30,36342
comuna2,77,2024-06-25,13528
comuna6,33,2024-07-31,15008
comuna4,10,2024-06-23,31716
comuna12,82,2024-01-30,20658
comuna7,23,2024-01-30,21137
comuna7,19,2024-01-30,35345
comuna12,78,2024-06-23,1430
comuna15,50,2024-06-23,47266
comnuna3,14,2024-07-31,8515
comuna8,31,2024-06-23,46243
comnuna3,64,2024-01-30,35797
comuna15,28,2024-01-30,33291
comuna14,94,2024-06-23,49737
comuna10,16,2024-01-30,33737
comuna6,66,2024-07-31,45356
comuna15,12,2024-07-31,5336
comuna4,32,2024-07-31,23975
comuna2,79,2024-06-25,24530
comuna9,30,2024-01-30,32067
comuna13,35,2024-06-25,27102
comuna8,31,2024-01-30,36839
comuna14,99,2024-06-25,33987
comuna10,49,2024-07-31,37228
comuna6,75,2024-06-23,31888
comuna10,44,2024-06-23,23624
comuna7,46,2024-06-25,8745
comuna14,99,2024-07-31,1174
comuna1,67,2024-06-25,45343
comuna15,47,2024-07-31,5587
comuna8,34,2024-06-25,22458
comuna12,84,2024-06-23,14108
comuna14,85,2024-01-30,38437
comuna4,63,2024-07-31,38637
comuna1,40,2024-01-30,47098
comuna1,69,2024-06-23,49101
comuna5,54,2024-06-23,47752
comuna14,16,2024-06-23,3617
comuna13,33,2024-06-25,34036
comuna13,31,2024-06-25,40870
comuna9,43,2024-01-30,4364
comuna5,72,2024-07-31,41445
comuna4,57,2024-06-25,8330
comuna6,88,2024-06-23,22941
comuna6,48,2024-01-30,38113
comuna11,30,2024-01-30,46546
comuna16,96,2024-06-25,47667
comuna2,76,2024-01-30,13493
comuna8,14,2024-06-25,49367
comuna4,44,2024-06-25,20124
comuna16,71,2024-01-30,42189
comuna2,85,2024-07-31,26844
comuna1,64,2024-06-23,7235
comuna5,29,2024-06-23,45919
comuna6,30,2024-06-25,44482
comuna14,83,2024-06-23,24817
comuna14,100,2024-01-30,16195
comuna6,73,2024-01-30,12054
comuna6,79,2024-01-30,13792
comuna2,85,2024-06-25,5585
comuna15,21,2024-06-25,41837
comuna7,17,2024-07-31,22210
comuna11,10,2024-01-30,17489
comuna6,35,2024-06-23,42504
comuna12,92,2024-06-23,12318
comuna8,67,2024-06-25,44962
comuna4,78,2024-06-25,29068
comuna7,15,2024-07-31,15623
comuna15,59,2024-01-30,40363
comuna12,20,2024-01-30,33561
comuna11,11,2024-06-25,28436
comuna1,15,2024-07-31,24926
comuna10,96,2024-06-25,14271
comuna2,43,2024-01-30,10136
comuna7,89,2024-06-23,9460
comuna1,39,2024-01-30,47501
comuna8,12,2024-01-30,14833
comuna11,33,2024-06-23,6705
comuna6,52,2024-07-31,23884
comuna12,55,2024-07-31,2880
comuna4,45,2024-07-31,35951
comuna8,75,2024-06-23,5424
comuna11,42,2024-06-25,13116
comuna14,29,2024-06-25,2932
comuna16,16,2024-06-25,37730
comuna1,67,2024-07-31,7913
comnuna3,66,2024-06-23,11616
comuna4,89,2024-01-30,23821
comuna16,54,2024-07-31,30215
comuna9,67,2024-07-31,13880
comuna8,54,2024-06-25,5217
comuna15,95,2024-07-31,18962
comuna13,45,2024-06-25,28672
comuna2,55,2024-07-31,38539
comuna5,85,2024-07-31,111
comuna12,67,2024-07-31,27346
comuna11,94,2024-06-23,9079
comuna15,94,2024-06-23,38577
comuna4,30,2024-07-31,15315
comnuna3,61,2024-06-25,49748
comuna16,95,2024-01-30,35694
comuna4,81,2024-06-23,26415
comuna2,82,2024-06-25,39490
comuna6,47,2024-06-25,8148
comnuna3,85,2024-06-23,42615
comuna12,42,2024-07-31,14716
comuna12,36,2024-07-31,21087
comuna1,44,2024-07-31,20529
comuna1,19,2024-06-25,36630
comuna10,100,2024-01-30,35481
comuna2,12,2024-06-25,1192
comuna12,30,2024-07-31,19251
comuna4,25,2024-07-31,7298
comuna16,18,2024-01-30,38280
comuna16,79,2024-06-25,36931
comuna16,53,2024-01-30,14245
comnuna3,26,2024-06-23,45853
comuna6,55,2024-01-30,44131
comuna9,73,2024-01-30,7817
comuna14,50,2024-07-31,21031
comuna14,36,2024-06-23,19343
comuna8,43,2024-06-25,5852
comuna13,33,2024-06-25,27937
comuna9,38,2024-06-25,26471
comuna5,16,2024-06-25,3846
comuna14,78,2024-07-31,33855
comuna1,73,2024-06-25,1935
comuna13,100,2024-01-30,48099
comuna14,97,2024-06-25,24453
comuna13,26,2024-06-25,7753
comuna6,71,2024-07-31,17203
comuna7,11,2024-06-25,17916
comuna15,98,2024-06-25,15481
comuna13,25,2024-07-31,17401
comuna4,33,2024-07-31,15416
comuna4,35,2024-07-31,9445
comuna7,45,2024-07-31,39481
comuna12,21,2024-07-31,37951
comnuna3,52,2024-06-25,36343
comuna7,74,2024-06-25,21551
comuna13,25,2024-01-30,25166
comuna2,100,2024-01-30,36611
comuna6,38,2024-01-30,10761
comuna6,98,2024-01-30,39805
comuna15,77,2024-07-31,26285
comuna4,18,2024-07-31,30749
comuna13,39,2024-07-31,32285
comuna11,86,2024-06-23,36614
comuna10,89,2024-01-30,27114
comuna9,30,2024-06-25,41508
comuna4,100,2024-07-31,15155
comuna12,16,2024-06-23,17228
comuna1,17,2024-07-31,10286
comnuna3,46,2024-06-25,8282
comuna13,89,2024-07-31,21013
comuna6,29,2024-01-30,16248
comuna15,59,2024-07-31,30996
comuna8,86,2024-06-23,26343
comuna12,49,2024-06-23,13915
comuna2,59,2024-06-25,17435
comuna13,73,2024-06-25,8210
comuna16,17,2024-06-25,15482
comuna9,96,2024-01-30,23046
comuna15,75,2024-06-25,475
comuna4,49,2024-07-31,41001
comuna8,22,2024-06-23,34805
comuna9,31,2024-07-31,4264
comuna6,25,2024-06-25,4887
comuna2,50,2024-06-23,46022
comuna7,29,2024-06-25,30224
comuna14,53,2024-06-23,13878
comuna12,69,2024-01-30,48531
comuna7,16,2024-06-23,8065
comuna14,32,2024-06-23,13696
comuna14,73,2024-06-23,40998
comnuna3,85,2024-06-23,24115
comuna8,21,2024-06-25,22613
comnuna3,15,2024-01-30,29341
comuna15,82,2024-06-23,1902
comuna16,79,2024-01-30,42626
comuna5,46,2024-01-30,9808
comuna16,62,2024-07-31,3479
comuna9,19,2024-01-30,12440
comuna8,27,2024-01-30,29478
comuna5,31,2024-06-23,6185
comuna9,59,2024-06-23,28869
comuna11,94,2024-06-23,7143
comuna7,37,2024-06-23,7038
comuna15,34,2024-06-25,19148
comnuna3,64,2024-06-25,4562
comuna8,73,2024-06-23,596
comuna16,81,2024-06-25,15207
comuna5,44,2024-07-31,30947
comuna12,31,2024-01-30,31783
comuna13,49,2024-06-23,26893
comuna9,98,2024-06-25,22036
comuna7,84,2024-07-31,48217
comuna1,32,2024-06-23,44420
comuna2,95,2024-06-25,6868
comuna7,12,2024-06-23,19932
comuna14,75,2024-07-31,11084
comuna15,69,2024-06-23,29453
comnuna3,48,2024-06-25,25939
comuna2,28,2024-01-30,7555
comuna15,74,2024-06-25,3595
comuna13,34,2024-01-30,19174
comuna7,90,2024-01-30,33080
comuna2,38,2024-07-31,26000
comuna10,61,2024-06-23,45782
comuna14,56,2024-06-23,10966
comnuna3,62,2024-06-25,48538
comnuna3,90,2024-06-23,3211
comuna11,100,2024-06-25,42517
comuna12,94,2024-01-30,4492
comuna16,88,2024-01-30,11092
comuna1,84,2024-06-23,30777
comuna10,36,2024-07-31,21770
comuna7,51,2024-06-25,6312
comuna9,18,2024-01-30,40589
comuna14,74,2024-06-23,2866
comuna9,96,2024-06-25,37446
comuna10,99,2024-01-30,41126
comuna10,13,2024-07-31,36163
comnuna3,35,2024-01-30,10532
comuna12,91,2024-01-30,38118
comuna14,10,2024-06-25,36583
comuna10,12,2024-06-23,37532
comuna4,29,2024-06-25,27760
comuna8,86,2024-07-31,40732
comuna13,73,2024-06-23,39502
comuna5,20,2024-06-23,15726
comuna7,72,2024-06-23,40985
comuna15,72,2024-06-23,30682
comuna16,46,2024-06-23,47749
comuna15,82,2024-01-30,3735
comuna15,34,2024-01-30,2341
comuna5,56,2024-01-30,5376
comuna2,41,2024-07-31,6185
comnuna3,80,2024-01-30,42257
comuna11,84,2024-06-23,10477
comuna7,52,2024-06-23,7955
comuna7,83,2024-01-30,5569
comuna5,60,2024-01-30,11801
comuna12,13,2024-06-25,39299
comnuna3,46,2024-07-31,28511
comuna4,47,2024-01-30,14344
comuna16,65,2024-06-25,33735
comuna8,75,2024-06-23,11753
comuna4,14,2024-06-23,31768
comuna4,81,2024-06-23,11113
comuna11,38,2024-07-31,38864
comuna4,50,2024-07-31,27594
comuna14,38,2024-06-25,31029
comuna12,93,2024-06-23,4705
comuna9,37,2024-06-23,31751
comuna5,52,2024-07-31,5082
comuna12,46,2024-07-31,49234
comuna1,87,2024-06-23,18404
comuna14,54,2024-07-31,3641
comuna4,15,2024-07-31,35645
comuna13,58,2024-06-25,34740
comuna4,32,2024-07-31,15329
comuna8,15,2024-07-31,35561
comuna4,33,2024-06-23,40188
comuna8,81,2024-06-25,27493
comuna13,44,2024-06-23,32288
comuna5,34,2024-06-23,48802
comuna15,79,2024-01-30,20757
comnuna3,26,2024-06-23,8680
comuna12,83,2024-07-31,23192
comuna4,12,2024-07-31,7592
comuna14,63,2024-06-23,35846
comuna8,86,2024-01-30,46351
comuna8,39,2024-06-23,30343
comuna15,85,2024-01-30,2172
comuna6,36,2024-06-23,8857
comuna9,65,2024-06-23,7813
comuna15,85,2024-01-30,13153
comuna6,80,2024-06-23,8099
comuna10,60,2024-06-23,8617
comuna1,21,2024-06-25,3971
comuna9,30,2024-01-30,46442
comuna5,30,2024-01-30,34078
comuna6,11,2024-07-31,28838
comnuna3,61,2024-07-31,14128
comuna1,21,2024-06-23,16242
comuna16,68,2024-01-30,36503
comuna14,51,2024-07-31,28376
comuna8,47,2024-01-30,29355
comuna10,72,2024-01-30,32945
comuna10,50,2024-06-23,12650
comuna6,20,2024-06-23,11649
comuna4,64,2024-06-23,48559
comuna2,100,2024-06-23,9436
comuna6,78,2024-01-30,16714
comuna1,77,2024-07-31,8004
comuna2,26,2024-07-31,6888
comuna12,100,2024-07-31,2283
comuna8,28,2024-07-31,43160
comuna9,24,2024-07-31,9938
comnuna3,11,2024-07-31,12859
comuna14,10,2024-01-30,38293
comuna1,90,2024-06-25,46164
comuna12,60,2024-06-25,13490
comuna6,83,2024-06-23,12044
comuna9,69,2024-06-23,24213
comuna13,98,2024-06-23,28251
comuna5,11,2024-06-23,27398
comuna2,85,2024-01-30,23040
comuna11,63,2024-01-30,32012
comuna13,70,2024-06-25,25680
comuna15,98,2024-06-25,39751
comuna2,98,2024-06-25,45649
comuna6,60,2024-06-23,8254
comuna16,42,2024-07-31,2361
comuna15,15,2024-06-25,42131
comuna5,74,2024-01-30,41838
comuna12,50,2024-06-23,11331
comuna7,39,2024-07-31,26474
comuna6,27,2024-01-30,41876
comuna8,39,2024-01-30,25957
comuna12,22,2024-01-30,37286
comuna4,38,2024-06-23,27926
comuna12,51,2024-01-30,26378
comuna7,44,2024-06-23,43706
comuna8,60,2024-06-25,33307
comuna7,99,2024-06-23,41173
comuna8,75,2024-06-25,14598
comuna15,93,2024-01-30,45399
comuna7,55,2024-06-23,15941
comuna1,64,2024-06-23,11301
comuna5,52,2024-07-31,9570
comuna15,81,2024-07-31,3186
comuna10,88,2024-06-23,8606
comuna14,15,2024-07-31,10920
comnuna3,23,2024-01-30,24235
comuna2,77,2024-07-31,28591
comuna2,58,2024-01-30,46461
comuna12,93,2024-07-31,34977
comuna7,88,2024-07-31,47645
comuna16,64,2024-06-23,42705
comuna10,28,2024-01-30,4352
comuna2,40,2024-07-31,28364
comuna1,75,2024-06-23,1306
comuna9,15,2024-06-25,17610
comuna9,97,2024-06-23,49974
comuna14,87,2024-06-25,23859
comuna4,30,2024-06-25,32908
comuna14,48,2024-07-31,28778
comuna1,10,2024-06-23,43620
comnuna3,80,2024-07-31,9818
comuna4,68,2024-07-31,43379
comuna15,53,2024-07-31,11359
comuna10,92,2024-01-30,12677
comuna6,82,2024-01-30,12816
comuna1,56,2024-06-25,21459
comuna10,93,2024-06-25,9
comuna5,14,2024-06-25,23269
comnuna3,24,2024-01-30,16175
comuna6,39,2024-07-31,36198
comuna13,99,2024-06-25,23708
comuna5,80,2024-06-23,36596
comuna4,12,2024-06-23,45560
comuna4,52,2024-06-25,4715
comuna12,39,2024-07-31,26775
comuna8,87,2024-01-30,39846
comuna1,83,2024-06-25,6138
comuna11,82,2024-07-31,38157
comuna9,67,2024-06-25,21896
comuna9,49,2024-01-30,29866
comuna1,13,2024-07-31,15262
comuna15,83,2024-01-30,28384
comuna8,29,2024-06-25,13011
comnuna3,66,2024-06-25,8168
comuna2,76,2024-06-23,39403
comuna16,99,2024-01-30,3111
comnuna3,46,2024-06-25,45376
comuna5,23,2024-01-30,46964
comuna12,87,2024-01-30,32783
comuna10,29,2024-06-23,33855
comuna16,14,2024-06-25,42859
comuna10,66,2024-06-23,41673
comuna14,49,2024-07-31,13610
comuna8,58,2024-07-31,27838
comnuna3,60,2024-06-25,26770
comuna5,12,2024-06-23,35958
comuna6,14,2024-06-25,42693
comuna9,71,2024-01-30,40289
comuna12,26,2024-06-23,14600
comuna9,79,2024-01-30,6623
comuna13,51,2024-06-23,7718
comuna1,10,2024-06-25,10551
comuna5,24,2024-06-23,43283
comuna5,93,2024-06-25,27560
comuna4,25,2024-01-30,32352
comuna5,40,2024-06-23,34806
comuna11,18,2024-07-31,20337
comuna13,32,2024-01-30,31506
comuna15,72,2024-07-31,47352
comuna6,28,2024-06-25,888
comuna12,86,2024-01-30,49003
comuna7,87,2024-06-25,36933
comuna15,88,2024-06-23,4809
comuna1,79,2024-06-25,26874
comuna2,75,2024-06-25,857
comuna15,40,2024-01-30,25704
comuna7,90,2024-06-25,22766
comuna13,83,2024-07-31,24188
comuna11,40,2024-06-23,17839
comuna10,48,2024-01-30,42592
comuna8,59,2024-06-25,720
comuna6,97,2024-07-31,39800
comnuna3,84,2024-01-30,7072
comuna10,51,2024-07-31,30970
comuna5,73,2024-06-25,23629
comnuna3,50,2024-06-23,31510
comnuna3,90,2024-07-31,35767
comuna13,56,2024-01-30,36714
comuna4,84,2024-06-25,31385
comuna10,29,2024-01-30,39700
comuna12,43,2024-06-23,29676
comnuna3,90,2024-06-23,38758
comuna8,37,2024-07-31,1027
comuna13,38,2024-01-30,26883
comuna6,25,2024-06-25,8968
comuna4,47,2024-07-31,46075
comuna8,12,2024-06-23,37829
comuna10,31,2024-07-31,9027
comuna15,56,2024-07-31,10948
comuna5,76,2024-07-31,38994
comuna12,45,2024-01-30,23167
comuna15,97,2024-01-30,40845
comuna7,78,2024-01-30,16110
comuna10,32,2024-07-31,8702
comuna11,42,2024-06-23,22687
comuna10,77,2024-07-31,9146
comuna8,90,2024-06-23,9782
comuna14,74,2024-06-23,32776
comuna1,81,2024-06-23,4518
comuna13,48,2024-01-30,23737
comuna12,24,2024-01-30,20656
comuna9,85,2024-07-31,38870
comuna13,44,2024-01-30,38234
comuna13,63,2024-01-30,29732
comuna9,25,2024-01-30,30330
comuna11,69,2024-06-25,17364
comuna5,60,2024-07-31,11271
comuna6,82,2024-07-31,38819
comuna4,41,2024-06-25,221
comuna9,15,2024-07-31,15373
comuna6,11,2024-06-25,25358
comuna5,78,2024-06-23,46232
comuna2,39,2024-01-30,26236
comuna6,88,2024-06-25,10138
comuna15,17,2024-01-30,43739
comuna8,52,2024-01-30,38284
comuna12,28,2024-07-31,22620
comuna16,23,2024-07-31,33301
comuna14,95,2024-07-31,7318
comuna15,71,2024-01-30,5252
comnuna3,71,2024-06-25,17100
comuna9,77,2024-06-25,14286
comuna14,99,2024-07-31,12314
comuna2,50,2024-06-25,49814
comuna16,24,2024-06-25,45085
comuna14,11,2024-01-30,47824
comuna13,57,2024-06-25,9763
comuna5,66,2024-06-25,31303
comuna15,62,2024-07-31,39066
comuna11,94,2024-07-31,23919
comuna5,65,2024-06-23,6692
comuna6,62,2024-06-25,8253
comuna10,29,2024-06-23,40205
comuna15,45,2024-06-25,18858
comuna15,94,2024-06-25,21908
comuna2,35,2024-06-25,28928
comuna6,73,2024-07-31,2146
comuna1,11,2024-06-23,6404
comuna4,99,2024-01-30,36432
comuna6,16,2024-07-31,30152
comuna10,86,2024-06-25,22848
comuna1,37,2024-01-30,45813
comuna11,28,2024-06-25,27568
comnuna3,32,2024-07-31,28471
comuna12,85,2024-06-25,42637
comuna16,80,2024-06-23,10917
comuna12,85,2024-06-23,21591
comuna6,77,2024-01-30,7691
comuna8,53,2024-06-25,17164
comuna9,81,2024-06-23,41788
comuna10,18,2024-01-30,41985
comuna11,11,2024-01-30,47166
comuna14,82,2024-06-23,29980
comuna4,48,2024-06-23,46599
comuna9,73,2024-07-31,24478
comuna5,56,2024-01-30,33850
comuna2,27,2024-07-31,5741
comuna16,32,2024-06-25,31378
comuna5,11,2024-07-31,48261
comuna5,17,2024-06-23,28616
comuna2,82,2024-01-30,482
comuna11,38,2024-06-25,42729
comuna9,52,2024-06-25,43752
comuna13,35,2024-07-31,736
comuna1,44,2024-07-31,26280
comuna5,58,2024-06-25,30691
comuna12,17,2024-06-23,45322
comuna11,95,2024-06-25,11419
comuna4,84,2024-06-25,22415
comuna2,11,2024-06-23,23406
comuna10,42,2024-01-30,17514
comuna13,19,2024-07-31,41086
comuna7,40,2024-01-30,42546
comuna4,79,2024-01-30,49744
comuna1,24,2024-06-25,7903
comuna1,59,2024-06-25,20997
comuna5,89,2024-07-31,18059
comnuna3,29,2024-06-25,39524
comuna10,67,2024-01-30,20404
comuna2,99,2024-06-25,31588
comuna14,73,2024-06-25,15818
comnuna3,21,2024-06-25,36353
comuna16,93,2024-06-23,40496
comuna6,77,2024-06-23,25018
comuna6,74,2024-07-31,48494
comuna1,41,2024-07-31,24462
comuna11,65,2024-06-23,13967
comuna9,32,2024-06-25,35576
comuna7,13,2024-01-30,5671
comuna9,54,2024-06-25,44983
comuna7,37,2024-06-23,34214
comnuna3,57,2024-01-30,5779
comuna10,47,2024-01-30,45843
comuna10,99,2024-06-25,40303
comuna8,83,2024-06-23,36874
comnuna3,33,2024-06-25,17927
comuna1,70,2024-07-31,31955
comuna11,64,2024-07-31,17465
comuna15,13,2024-06-23,22627
comuna16,75,2024-01-30,22436
comuna1,63,2024-06-23,14865
comuna13,85,2024-06-23,49919
comuna2,20,2024-06-25,42012
comuna7,27,2024-06-23,26486
comuna12,50,2024-06-23,16349
comuna5,50,2024-06-23,44439
comuna13,94,2024-01-30,47865
comuna6,33,2024-07-31,32307
comuna8,83,2024-06-23,6974
comuna9,36,2024-01-30,26060
comuna9,38,2024-01-30,29867
comuna8,38,2024-01-30,21940
comuna7,32,2024-06-23,13915
comuna6,11,2024-07-31,43222
comuna10,89,2024-06-23,35599
comuna6,22,2024-07-31,28455
comuna4,69,2024-06-23,30584
comuna2,58,2024-06-25,36507
comuna15,68,2024-07-31,40670
comuna7,42,2024-06-23,16294
comuna6,28,2024-06-25,22620
comuna13,90,2024-06-23,11202
comuna10,62,2024-06-23,24184
comuna6,11,2024-01-30,18430
comuna10,16,2024-07-31,4536
comuna10,78,2024-07-31,33663
comuna16,97,2024-07-31,26891
comuna8,75,2024-06-23,15508
comuna16,50,2024-06-23,12030
comuna14,56,2024-06-23,25354
comuna14,94,2024-06-25,3550
comuna7,85,2024-07-31,40312
comuna2,55,2024-07-31,12545
comuna2,26,2024-01-30,44108
comuna9,59,2024-01-30,45835
comuna6,29,2024-06-25,17733
comnuna3,47,2024-06-23,9720
comuna13,65,2024-06-23,10392
comuna1,87,2024-06-23,30333
comuna4,53,2024-06-25,21844
comuna13,79,2024-07-31,11046
comuna15,13,2024-07-31,43745
comuna11,43,2024-01-30,19985
comuna7,27,2024-06-23,39268
comuna14,21,2024-01-30,45798
comuna8,63,2024-06-25,21911
comuna11,79,2024-01-30,11840
comuna4,88,2024-06-23,22800
comuna13,13,2024-07-31,44128
comuna13,24,2024-07-31,12640
comuna7,16,2024-01-30,25198
comuna4,60,2024-07-31,9430
comuna13,28,2024-06-23,1369
comuna15,48,2024-06-23,25974
comuna14,23,2024-06-25,23256
comuna1,64,2024-06-25,8208
comuna15,32,2024-01-30,37835
comuna16,44,2024-01-30,33832
comuna12,59,2024-01-30,31032
comuna5,72,2024-06-23,46577
comuna9,39,2024-06-23,4319
comuna13,48,2024-01-30,34585
comuna8,80,2024-01-30,9026
comuna7,92,2024-06-23,37279
comuna13,81,2024-07-31,39948
comuna8,69,2024-06-25,6916
comuna6,83,2024-06-25,20941
comuna7,43,2024-06-23,38124
comuna10,19,2024-07-31,816
comuna5,57,2024-07-31,33157
comuna4,37,2024-01-30,21347
comuna16,35,2024-06-25,39477
comuna6,68,2024-06-23,38364
comuna7,92,2024-06-23,19523
comuna15,61,2024-01-30,3168
comuna4,14,2024-06-25,12103
comnuna3,77,2024-06-25,10547
comuna5,88,2024-07-31,217
comnuna3,61,2024-01-30,30119
comuna15,83,2024-07-31,12123
comuna14,41,2024-01-30,5489
comuna12,21,2024-07-31,2390
comuna15,43,2024-01-30,31014
comuna14,46,2024-06-23,30311
comuna1,99,2024-07-31,13339
comuna7,46,2024-06-23,4931
comuna13,77,2024-06-23,17891
comuna2,47,2024-07-31,25289
comuna4,10,2024-07-31,27438
comuna2,57,2024-06-23,12574
comuna5,35,2024-06-23,27
comuna12,41,2024-01-30,39625
comuna16,62,2024-06-25,6805
comuna13,47,2024-01-30,41733
comuna9,77,2024-07-31,36883
comnuna3,78,2024-01-30,3431
comuna15,77,2024-01-30,40993
comuna13,75,2024-06-23,16581
comuna6,16,2024-07-31,19380
comuna5,66,2024-06-25,42759
comuna1,30,2024-07-31,13840
comuna16,76,2024-07-31,31510
comuna8,59,2024-01-30,1878
comuna13,94,2024-06-25,19220
comuna15,16,2024-06-25,19049
comuna4,96,2024-06-23,49052
comuna9,21,2024-01-30,8653
comuna10,56,2024-07-31,1176
comuna5,20,2024-01-30,10219
comuna2,100,2024-06-25,30413
comuna10,91,2024-07-31,49301
comuna4,96,2024-06-25,46345
comuna6,71,2024-07-31,43750
comuna14,85,2024-07-31,16889
comnuna3,85,2024-06-23,27547
comuna4,95,2024-06-25,32851
comuna8,89,2024-07-31,8100
comuna15,49,2024-01-30,35172
comuna15,47,2024-01-30,40440
comuna10,21,2024-07-31,30965
comuna14,42,2024-01-30,44042
comuna12,97,2024-06-25,42348
comuna10,99,2024-07-31,41761
comuna14,78,2024-01-30,4601
comnuna3,27,2024-01-30,4031
comuna9,88,2024-06-25,40673
comuna8,24,2024-06-23,37250
comnuna3,13,2024-01-30,26938
comuna4,28,2024-01-30,13431
comuna10,11,2024-07-31,7323
comuna14,54,2024-06-25,42548
comuna14,65,2024-06-25,48389
comnuna3,12,2024-06-23,32941
comnuna3,17,2024-06-25,21196
comuna5,45,2024-06-23,10993
comuna8,33,2024-06-25,335
comuna2,36,2024-01-30,47462
comuna5,85,2024-01-30,30508
comuna4,23,2024-06-25,30979
comuna1,29,2024-01-30,39012
comuna11,64,2024-06-25,41145
comuna8,85,2024-01-30,26913
comuna12,99,2024-06-23,28631
comuna10,35,2024-06-23,7608
comuna8,29,2024-07-31,10798
comuna11,47,2024-06-25,42702
comuna9,28,2024-01-30,11635
comuna5,81,2024-01-30,25621
comuna1,48,2024-01-30,21783
comuna4,85,2024-06-25,49407
comuna10,16,2024-06-25,31790
comnuna3,88,2024-07-31,16630
comuna9,53,2024-06-23,14646
comuna6,44,2024-06-25,19461
comuna1,65,2024-06-23,1044
comnuna3,45,2024-06-25,23991
comuna5,56,2024-06-25,45834
comuna6,93,2024-06-25,39433
comuna9,83,2024-01-30,10722
comuna15,98,2024-07-31,2981
comuna16,99,2024-06-25,40375
comuna12,87,2024-06-25,3147
comuna7,26,2024-01-30,23406
comuna11,87,2024-06-23,16136
comuna9,48,2024-06-23,222
comuna12,50,2024-07-31,11678
comuna13,47,2024-06-23,41978
comuna1,12,2024-01-30,11664
comuna8,78,2024-01-30,33696
comuna10,39,2024-01-30,17686
comuna6,91,2024-06-25,25454
comuna14,72,2024-06-25,45034
comuna12,67,2024-07-31,49771
comuna4,28,2024-07-31,38028
comuna7,61,2024-06-23,12801
comuna1,64,2024-06-25,37768
comuna13,87,2024-06-25,29067
comuna8,59,2024-01-30,31937
comuna4,67,2024-06-25,32495
comuna9,40,2024-07-31,18403
comuna14,76,2024-06-25,15970
comuna13,58,2024-06-23,31059
comuna4,56,2024-06-25,39581
comuna8,54,2024-07-31,25311
comuna6,76,2024-01-30,48437
comnuna3,41,2024-01-30,7029
comuna5,58,2024-06-25,5472
comuna14,30,2024-07-31,33785
comuna13,83,2024-01-30,2631
comuna4,97,2024-06-23,48239
comuna16,98,2024-07-31,46463
comuna15,71,2024-01-30,40238
comuna12,17,2024-06-25,9766
comuna15,48,2024-06-23,34473
comuna16,13,2024-06-25,9672
comuna4,12,2024-07-31,13388
comuna8,69,2024-06-25,14247
comuna12,36,2024-06-23,1389
comuna5,45,2024-07-31,5591
comuna16,87,2024-06-25,10514
comuna13,42,2024-01-30,21294
comuna6,14,2024-07-31,34523
comuna9,60,2024-01-30,44542
comuna5,98,2024-07-31,49530
comuna10,70,2024-06-23,11653
comuna15,49,2024-06-23,16787
comuna9,85,2024-06-25,12382
comuna14,36,2024-06-25,26115
comuna2,79,2024-06-23,31537
comuna7,40,2024-06-23,34853
comuna5,82,2024-07-31,2832
comuna2,54,2024-01-30,31158
comnuna3,52,2024-07-31,27317
comuna11,94,2024-01-30,14570
comuna12,91,2024-01-30,26623
comuna14,63,2024-06-23,8205
comuna11,44,2024-06-23,14597
comuna4,100,2024-07-31,3944
comuna6,63,2024-07-31,10649
comuna2,19,2024-07-31,38636
comuna12,92,2024-01-30,46810
comuna15,48,2024-01-30,4650
comuna2,47,2024-01-30,46403
comuna2,64,2024-06-25,46077
comuna16,98,2024-01-30,34028
comuna14,83,2024-06-23,21812
comuna1,17,2024-01-30,7449
comuna2,53,2024-06-23,831
comuna9,92,2024-01-30,16794
comnuna3,38,2024-06-25,22691
comuna15,86,2024-01-30,46856
comuna2,65,2024-06-25,18303
comuna9,27,2024-01-30,37904
comuna9,28,2024-06-25,36032
comuna6,42,2024-06-23,23541
comuna12,12,2024-06-25,15141
comuna10,81,2024-07-31,49592
comuna13,70,2024-06-25,13384
comuna4,20,2024-01-30,43331
comuna14,65,2024-06-25,30451
comuna14,85,2024-06-23,45002
comuna4,99,2024-06-25,26317
comuna12,24,2024-07-31,27723
comuna5,68,2024-06-25,6863
comuna11,58,2024-01-30,3236
comuna7,78,2024-07-31,12980
comuna14,56,2024-07-31,12469
comnuna3,37,2024-06-23,37758
comuna1,18,2024-01-30,28125
comuna4,58,2024-07-31,15806
comnuna3,58,2024-01-30,6313
comuna1,64,2024-01-30,2119
comuna10,32,2024-07-31,44044
comuna14,79,2024-06-25,39034
comuna13,37,2024-01-30,26483
comuna13,73,2024-01-30,37026
comuna14,47,2024-06-23,14103
comuna12,31,2024-01-30,1637
comuna5,45,2024-07-31,11128
comuna8,93,2024-06-25,19807
comuna1,73,2024-07-31,39958
comnuna3,28,2024-06-23,27060
comuna9,24,2024-06-23,1870
comuna15,84,2024-01-30,27999
comuna13,74,2024-06-23,8520
comuna12,23,2024-06-23,5266
comuna16,26,2024-07-31,8121
comuna14,26,2024-06-25,17452
comuna5,91,2024-06-25,38301
comuna1,70,2024-07-31,739
comuna15,33,2024-06-23,5106
comuna12,34,2024-01-30,33282
comuna10,55,2024-06-25,14657
comuna15,47,2024-07-31,10408
comuna16,61,2024-06-25,46007
comuna7,90,2024-07-31,31774
comuna2,20,2024-06-23,24169
comuna12,66,2024-01-30,26366
comuna6,85,2024-06-23,49274
comuna11,62,2024-06-25,13584
comuna2,56,2024-07-31,16068
comuna16,72,2024-06-25,12455
comuna1,94,2024-06-25,44723
comuna7,70,2024-06-23,34995
comuna16,21,2024-06-25,39624
comuna11,81,2024-07-31,4841
comuna4,70,2024-06-23,47372
comuna13,41,2024-06-25,39278
comuna7,77,2024-01-30,30984
comuna6,18,2024-06-25,46104
comuna7,99,2024-07-31,27457
comuna8,40,2024-06-23,18456
comuna12,43,2024-06-23,9584
comuna16,29,2024-06-23,46047
comuna2,28,2024-07-31,12392
comuna15,43,2024-01-30,28454
comuna1,48,2024-06-25,2083
comuna5,27,2024-07-31,10823
comuna7,44,2024-06-25,36294
comuna4,72,2024-06-23,21649
comuna15,71,2024-06-23,34486
comuna10,95,2024-06-23,18713
comuna14,48,2024-06-25,21478
comuna6,100,2024-01-30,43911
comuna8,45,2024-07-31,35891
comuna7,95,2024-06-23,17935
comnuna3,73,2024-06-23,36322
comuna14,38,2024-06-25,48300
comuna8,74,2024-07-31,219
comuna6,63,2024-01-30,38022
comuna9,39,2024-07-31,17699
comuna2,59,2024-06-25,4999
comuna12,49,2024-06-23,47026
comuna6,27,2024-01-30,10
comuna9,15,2024-01-30,40382
comnuna3,65,2024-07-31,3784
comuna15,94,2024-06-25,33141
comuna14,12,2024-07-31,24673
comuna10,67,2024-06-23,29887
comuna6,20,2024-06-25,37663
comuna8,28,2024-06-25,6245
comuna12,54,2024-06-25,28447
comuna12,91,2024-06-25,1942
comuna9,50,2024-01-30,27746
comuna11,98,2024-01-30,36788
comuna6,29,2024-06-25,41944
comuna7,97,2024-07-31,37881
comuna15,39,2024-06-25,6490
comuna6,60,2024-06-23,10221
comuna13,65,2024-06-25,14791
comuna10,79,2024-06-25,11926
comuna6,57,2024-06-25,29899
comuna6,100,2024-07-31,36189
comuna12,91,2024-01-30,8522
comuna7,41,2024-01-30,14443
comuna9,61,2024-07-31,35267
comuna8,19,2024-07-31,15719
comuna16,33,2024-07-31,41523
comuna6,60,2024-06-25,15590
comuna15,100,2024-06-23,22818
comuna5,49,2024-06-25,27111
comuna5,36,2024-07-31,20932
comuna7,48,2024-06-23,21618
comuna9,49,2024-01-30,25471
comuna10,13,2024-06-25,3876
comnuna3,74,2024-07-31,24365
comuna12,53,2024-06-25,26057
comuna13,52,2024-06-23,23895
comuna10,86,2024-06-23,20655
comuna12,69,2024-01-30,48632
comuna1,57,2024-07-31,10844
comuna15,65,2024-07-31,46846
comuna9,67,2024-06-23,49188
comuna14,52,2024-07-31,35975
comuna5,90,2024-06-25,10351
comuna1,64,2024-01-30,26897
comuna15,46,2024-07-31,38825
comuna16,29,2024-01-30,30921
comuna12,90,2024-07-31,49946
comuna7,21,2024-06-23,38366
comuna7,98,2024-06-25,49730
comuna8,74,2024-06-23,14969
comuna6,26,2024-01-30,15413
comuna6,88,2024-06-23,14851
comnuna3,17,2024-06-25,12742
comuna4,58,2024-07-31,19584
comuna5,11,2024-01-30,18899
comuna2,46,2024-06-23,19777
comuna14,59,2024-07-31,48062
comnuna3,90,2024-06-25,11864
comuna1,76,2024-01-30,41150
comuna12,87,2024-07-31,23179
comuna15,84,2024-07-31,46881
comuna1,43,2024-01-30,945
comuna11,35,2024-06-25,11724
comuna13,42,2024-06-23,2290
comuna2,49,2024-06-23,775
comnuna3,13,2024-07-31,46332
comuna15,78,2024-07-31,26317
comuna6,22,2024-07-31,28369
comuna5,89,2024-07-31,48481
comuna15,57,2024-06-23,43578
comuna13,21,2024-06-25,8989
comuna12,49,2024-06-25,5346
comuna1,16,2024-07-31,3468
comuna16,40,2024-06-25,38503
comuna14,50,2024-06-23,12220
comuna8,38,2024-06-23,25114
comuna14,59,2024-07-31,2472
comuna12,76,2024-01-30,34217
comuna1,79,2024-01-30,22343
comuna7,79,2024-07-31,36321
comuna13,87,2024-07-31,40866
comuna16,83,2024-06-23,48366
comnuna3,55,2024-06-25,38785
comuna14,21,2024-06-23,24651
comuna1,81,2024-07-31,6579
comuna9,15,2024-06-23,3364
comuna12,52,2024-07-31,48944
comuna12,47,2024-06-23,5402
comuna15,81,2024-06-25,12564
comuna15,28,2024-07-31,28923
comuna12,66,2024-07-31,14901
comuna13,48,2024-07-31,27121
comuna9,17,2024-06-23,21287
comuna14,66,2024-01-30,6220
comuna8,58,2024-06-25,31375
comuna1,61,2024-07-31,36231
comuna15,96,2024-06-25,10512
comuna10,80,2024-07-31,41397
comnuna3,48,2024-06-25,46108
comuna6,96,2024-07-31,40829
comuna2,52,2024-06-25,35433
comnuna3,99,2024-01-30,14608
comuna14,74,2024-06-25,41428
comuna15,28,2024-01-30,49120
comuna1,55,2024-01-30,26918
comuna11,93,2024-01-30,28092
comuna1,85,2024-06-23,32158
comuna4,17,2024-07-31,651
comuna5,74,2024-01-30,37792
comuna11,96,2024-01-30,857
comuna5,66,2024-06-23,21579
comuna11,82,2024-06-23,39093
comuna12,85,2024-07-31,28982
comuna11,91,2024-06-25,13678
comuna16,25,2024-01-30,5562
comuna8,36,2024-06-25,37103
comuna13,83,2024-06-23,27458
comuna10,85,2024-06-25,35234
comnuna3,22,2024-06-23,22291
comuna13,82,2024-06-23,12190
comuna14,51,2024-06-23,16137
comuna5,53,2024-06-25,1871
comuna8,10,2024-06-25,40320
comuna7,50,2024-06-23,8685
comuna10,13,2024-07-31,33676
comuna14,71,2024-07-31,162
comuna4,86,2024-07-31,4831
comuna5,12,2024-07-31,21780
comuna4,91,2024-01-30,26792
comuna13,36,2024-06-23,18357
comuna13,52,2024-01-30,28051
comuna13,37,2024-07-31,17957
comuna10,61,2024-06-25,23599
comuna4,35,2024-01-30,47420
comuna6,68,2024-06-23,43822
comuna11,24,2024-06-25,35585
comuna9,27,2024-06-25,17131
comuna4,62,2024-01-30,46031
comuna6,85,2024-01-30,4468
comnuna3,76,2024-06-25,37290
comuna13,47,2024-06-23,40496
comuna7,27,2024-06-25,30687
comuna2,76,2024-01-30,42791
comuna2,27,2024-01-30,12745
comuna16,82,2024-06-23,11445
comuna6,88,2024-06-25,9242
comuna9,68,2024-06-23,24801
comuna9,64,2024-01-30,3644
comnuna3,36,2024-06-23,46227
comuna6,100,2024-06-23,36584
comuna10,25,2024-06-23,6626
comnuna3,81,2024-07-31,27199
comuna16,93,2024-07-31,43131
comuna14,96,2024-06-23,7427
comuna10,91,2024-06-23,49467
comuna15,88,2024-06-25,6837
comuna2,33,2024-01-30,11678
comuna16,100,2024-06-23,28872
comuna7,55,2024-06-23,22289
comuna6,78,2024-06-25,12403
comuna11,82,2024-01-30,41836
comuna9,65,2024-07-31,16231
comuna12,59,2024-07-31,28736
comuna4,92,2024-01-30,18986
comuna15,86,2024-01-30,8242
comuna6,12,2024-07-31,33601
comuna15,82,2024-01-30,28943
comuna14,21,2024-06-25,39946
comnuna3,90,2024-06-25,7853
comuna13,74,2024-07-31,17396
comuna4,38,2024-07-31,16214
comuna1,89,2024-07-31,19482
comuna6,38,2024-06-25,42207
comuna10,58,2024-01-30,41536
comuna6,96,2024-07-31,42351
comnuna3,84,2024-07-31,33611
comuna8,19,2024-06-23,14196
comuna15,81,2024-06-23,37727
comuna12,20,2024-07-31,49362
comuna7,19,2024-06-23,49187
comuna6,99,2024-06-23,2804
comuna5,72,2024-07-31,35486
comuna9,51,2024-07-31,15851
comuna1,67,2024-07-31,15090
comuna1,65,2024-06-23,28636
comuna11,65,2024-01-30,49175
comuna13,64,2024-06-23,29892
comuna6,29,2024-06-23,35502
comuna9,11,2024-01-30,9717
comuna7,42,2024-06-25,21319
comuna9,32,2024-06-23,414
comuna8,16,2024-06-25,10721
comuna12,60,2024-06-25,2394
comuna6,97,2024-06-25,4956
comuna1,63,2024-06-25,4069
comnuna3,43,2024-07-31,20439
comuna16,56,2024-07-31,13068
comuna11,62,2024-06-25,16718
comuna10,40,2024-01-30,19520
comnuna3,74,2024-06-25,30528
comuna13,47,2024-07-31,20642
comuna15,52,2024-07-31,44503
comuna4,63,2024-07-31,21532
comuna9,59,2024-06-25,24076
comuna5,91,2024-07-31,47785
comuna2,64,2024-07-31,12693
comnuna3,98,2024-01-30,4529
comuna8,95,2024-06-25,10335
comuna1,63,2024-07-31,27389
comnuna3,92,2024-06-25,28041
comuna14,35,2024-01-30,7310
comuna10,34,2024-07-31,2924
comuna9,39,2024-06-23,1976
comuna4,58,2024-01-30,44485
comuna13,95,2024-06-23,5009
comuna16,83,2024-07-31,21030
comuna11,86,2024-01-30,42286
comuna2,26,2024-06-25,7118
comuna9,83,2024-06-25,45293
comuna4,71,2024-01-30,8750
comnuna3,42,2024-06-25,7561
comuna6,40,2024-06-25,43554
comuna16,65,2024-01-30,36571
comuna11,67,2024-06-23,22008
comuna10,34,2024-06-23,26991
comuna12,61,2024-06-23,13119
comuna9,90,2024-06-25,7419
comuna4,15,2024-01-30,528
comuna16,90,2024-06-25,14799
comuna9,42,2024-01-30,39704
comuna4,50,2024-06-23,25199
comuna4,58,2024-06-25,23910
comuna4,43,2024-07-31,2226
comuna12,58,2024-07-31,26988
comuna10,47,2024-07-31,48874
comuna10,63,2024-01-30,29519
comuna1,14,2024-01-30,20474
comuna11,94,2024-06-25,39083
comuna5,11,2024-06-25,6739
comuna4,64,2024-01-30,7347
comuna10,86,2024-06-25,32852
comuna1,40,2024-07-31,24921
comuna2,45,2024-06-25,2167
comuna8,38,2024-07-31,25480
comuna5,95,2024-01-30,16880
comuna7,20,2024-07-31,14614
comuna12,73,2024-01-30,27610
comuna8,15,2024-06-23,18012
comuna13,12,2024-07-31,14337
comuna1,37,2024-07-31,36199
comuna13,53,2024-06-23,9962
comuna12,34,2024-07-31,10524
comuna11,40,2024-06-25,3313
comuna10,52,2024-07-31,22284
comuna13,45,2024-06-25,29585
comuna16,23,2024-06-25,39283
comuna16,46,2024-07-31,4316
comuna9,38,2024-06-23,24555
comuna6,49,2024-06-25,2442
comuna8,22,2024-01-30,30325
comuna12,96,2024-01-30,29725
comuna8,27,2024-06-23,16198
comuna4,71,2024-06-23,11499
comuna14,51,2024-06-23,22348
comuna10,65,2024-01-30,35539
comuna5,75,2024-01-30,4133
comuna12,100,2024-07-31,38049
comuna1,77,2024-07-31,40845
comuna7,25,2024-06-23,39118
comuna1,74,2024-06-25,3307
comuna16,53,2024-06-25,42956
comuna10,49,2024-06-25,29436
comuna15,21,2024-06-25,49754
comuna13,43,2024-06-23,14982
comuna9,28,2024-01-30,31284
comuna10,77,2024-06-25,41102
comuna12,40,2024-07-31,30550
comuna5,17,2024-06-25,619
comuna9,71,2024-06-23,7193
comuna8,87,2024-01-30,16112
comuna2,79,2024-07-31,10896
comuna13,51,2024-06-23,22166
comuna11,31,2024-06-23,37175
comuna15,89,2024-01-30,33333
comnuna3,75,2024-06-25,20624
comuna10,47,2024-07-31,1580
comuna4,24,2024-01-30,3626
comuna9,71,2024-07-31,1022
comuna14,27,2024-06-23,14915
comuna7,75,2024-06-23,35852
comuna16,51,2024-07-31,46317
comuna14,61,2024-06-25,15662
comnuna3,21,2024-07-31,42649
comuna11,99,2024-06-23,9041
comuna15,75,2024-07-31,8460
comuna14,14,2024-06-25,10168
comuna7,48,2024-06-23,23535
comuna4,48,2024-01-30,40459
comuna12,82,2024-01-30,27045
comuna4,37,2024-01-30,29739
comuna14,99,2024-01-30,31842
comuna8,26,2024-06-25,32759
comuna5,21,2024-06-23,11445
comuna13,88,2024-07-31,26061
comuna15,37,2024-06-23,2668
comuna1,49,2024-01-30,14168
comuna6,28,2024-01-30,30627
comuna6,87,2024-06-25,24914
comuna5,31,2024-01-30,43781
comuna14,48,2024-06-23,13272
comuna13,16,2024-07-31,42538
comuna1,78,2024-01-30,10724
comuna8,54,2024-06-23,37066
comuna6,27,2024-06-25,4772
comuna14,37,2024-01-30,5997
comuna12,56,2024-01-30,5462
comuna14,15,2024-06-25,23664
comuna7,91,2024-06-25,43518
comuna12,90,2024-06-25,31040
comuna9,80,2024-06-25,29517
comuna9,43,2024-07-31,48088
comuna7,20,2024-06-23,40583
comuna15,84,2024-06-25,6861
comuna15,32,2024-07-31,22551
comnuna3,80,2024-06-25,8134
comuna13,92,2024-07-31,3024
comuna1,22,2024-06-25,18629
comuna13,70,2024-06-23,21013
comnuna3,67,2024-06-25,31830
comuna4,21,2024-01-30,42602
comuna13,46,2024-06-25,2907
comuna12,59,2024-01-30,15242
comuna12,40,2024-06-25,38522
comuna13,17,2024-01-30,5940
comuna2,90,2024-06-23,19378
comuna4,89,2024-06-25,11895
comuna13,48,2024-01-30,23097
comuna5,45,2024-06-25,34342
comuna9,36,2024-06-25,26067
comuna6,60,2024-01-30,8593
comuna15,75,2024-01-30,12384
comuna2,29,2024-07-31,29238
comuna2,34,2024-07-31,48595
comuna12,15,2024-07-31,13831
comnuna3,51,2024-06-23,16368
comuna1,22,2024-06-25,44088
comuna4,51,2024-01-30,24619
comuna11,35,2024-06-25,28874
comuna4,59,2024-07-31,24896
comnuna3,66,2024-07-31,25799
comuna6,60,2024-01-30,14898
comuna13,19,2024-06-23,45633
comuna16,38,2024-06-23,16722
comuna8,99,2024-01-30,2949
comuna8,82,2024-07-31,35865
comuna10,86,2024-06-23,28742
comuna11,92,2024-07-31,43222
comuna13,25,2024-06-25,43785
comuna12,53,2024-06-25,30320
comuna14,45,2024-06-23,1369
comuna10,36,2024-01-30,48666
comuna6,80,2024-06-23,17879
comuna12,68,2024-07-31,21076
comuna16,26,2024-01-30,28961
comuna1,60,2024-07-31,21412
comuna10,43,2024-06-25,3902
comuna13,23,2024-06-23,29508
comuna1,100,2024-07-31,27589
comuna11,56,2024-06-25,37322
comuna1,30,2024-01-30,22988
comuna7,21,2024-07-31,12938
comuna12,79,2024-06-23,27861
comuna1,33,2024-07-31,9979
comuna14,30,2024-01-30,30056
comuna1,29,2024-06-25,48708
comnuna3,89,2024-07-31,41141
comuna4,24,2024-06-25,11156
comuna6,77,2024-01-30,49716
comuna16,33,2024-01-30,36772
comuna4,13,2024-06-23,1702
comuna14,49,2024-01-30,15347
comuna5,19,2024-06-23,10985
comuna16,70,2024-06-25,6389
comuna7,83,2024-06-25,13065
comuna8,32,2024-01-30,24288
comuna9,20,2024-06-25,36110
comuna2,34,2024-06-25,29997
comuna8,59,2024-01-30,15349
comuna8,39,2024-01-30,2835
comnuna3,77,2024-06-25,23218
comuna13,97,2024-07-31,44546
comuna13,15,2024-01-30,48039
comuna11,74,2024-07-31,19781
comuna1,70,2024-06-25,14416
comuna11,82,2024-01-30,43234
comuna7,85,2024-07-31,5425
comuna16,16,2024-06-23,25175
comuna9,60,2024-06-23,45599
comuna4,39,2024-07-31,13191
comnuna3,15,2024-07-31,11456
comuna6,45,2024-01-30,23349
comuna8,38,2024-01-30,2135
comuna15,80,2024-01-30,1063
comnuna3,28,2024-06-25,8628
comuna4,10,2024-06-23,35121
comuna8,59,2024-06-25,38300
comuna12,13,2024-07-31,37933
comuna7,78,2024-06-23,2898
comuna13,95,2024-07-31,27458
comuna4,34,2024-07-31,20498
comuna6,54,2024-06-23,48854
comuna11,70,2024-07-31,25746
comuna11,57,2024-07-31,12920
comuna13,39,2024-06-25,44107
comuna8,25,2024-01-30,47971
comuna13,81,2024-07-31,31876
comuna9,87,2024-07-31,37747
comuna12,87,2024-07-31,2767
comuna8,23,2024-06-23,46811
comuna8,27,2024-01-30,29942
comuna9,24,2024-06-23,23886
comnuna3,31,2024-06-23,18938
comuna4,24,2024-06-25,4405
comuna13,20,2024-07-31,46114
comuna11,28,2024-06-25,7654
comuna12,53,2024-06-23,25683
comuna16,48,2024-07-31,42960
comnuna3,48,2024-06-25,23448
comuna5,78,2024-06-25,27194
comuna14,31,2024-06-25,30524
comuna13,20,2024-07-31,41938
comuna11,91,2024-01-30,39130
comuna8,100,2024-07-31,20935
comuna9,86,2024-01-30,23649
comuna9,52,2024-06-23,11088
comuna7,78,2024-06-25,27842
comuna11,26,2024-01-30,45203
comuna9,60,2024-06-25,33613
comuna9,22,2024-06-25,38757
comuna15,43,2024-01-30,9861
comuna15,22,2024-06-25,47889
comuna1,21,2024-01-30,13020
comuna5,86,2024-06-23,4620
comuna8,87,2024-06-25,2254
comuna9,49,2024-07-31,23750
comuna2,46,2024-06-23,34044
comnuna3,97,2024-06-25,24030
comuna16,63,2024-06-23,17972
comuna6,23,2024-01-30,6518
comuna8,13,2024-01-30,31661
comuna2,43,2024-07-31,30394
comuna13,66,2024-07-31,41140
comuna14,45,2024-07-31,28421
comuna8,55,2024-06-23,47330
comuna14,83,2024-07-31,47201
comuna15,100,2024-06-23,41877
comuna4,97,2024-06-25,36232
comuna9,75,2024-06-25,37508
comuna10,89,2024-07-31,47600
comuna9,11,2024-06-23,48295
comuna8,65,2024-01-30,23389
comuna16,46,2024-07-31,39700
comuna11,98,2024-06-25,11524
comuna9,48,2024-07-31,37534
comuna7,74,2024-01-30,21486
comuna2,29,2024-06-25,49530
comuna15,46,2024-07-31,11741
comuna1,16,2024-07-31,6567
comuna2,14,2024-06-25,12669
comuna5,69,2024-06-23,20375
comnuna3,56,2024-07-31,24724
comuna2,30,2024-07-31,49798
comuna13,78,2024-01-30,49932
comnuna3,50,2024-07-31,39337
comuna2,34,2024-06-23,43862
comuna4,14,2024-06-25,6528
comuna16,70,2024-07-31,9261
comuna12,25,2024-01-30,35580
comuna13,62,2024-07-31,28695
comnuna3,11,2024-06-25,19516
comuna12,79,2024-06-25,37656
comuna9,72,2024-06-23,21782
comuna2,45,2024-07-31,15017
comuna2,90,2024-01-30,10551
comuna16,26,2024-07-31,46773
comuna4,18,2024-06-25,33431
comuna7,69,2024-06-23,23694
comuna11,78,2024-06-25,15569
comuna1,33,2024-01-30,36306
comuna2,71,2024-07-31,28171
comuna7,67,2024-07-31,47602
comuna10,49,2024-07-31,8702
comuna11,23,2024-06-23,8504
comuna1,58,2024-06-23,21390
comuna8,42,2024-07-31,45908
comuna10,93,2024-06-25,47054
comnuna3,55,2024-07-31,18352
comuna5,41,2024-07-31,46650
comuna6,85,2024-07-31,45455
comuna13,34,2024-06-23,28210
comnuna3,55,2024-06-23,28224
comuna13,60,2024-06-23,34262
comuna1,40,2024-06-23,25697
comuna2,44,2024-07-31,48476
comuna7,93,2024-06-23,937
comuna2,93,2024-06-25,23356
comuna4,45,2024-06-25,34950
comuna12,54,2024-07-31,10495
comuna10,54,2024-06-23,23534
comuna12,61,2024-07-31,8659
comuna1,21,2024-01-30,18735
comuna12,52,2024-06-23,37396
comnuna3,78,2024-01-30,24601
comuna15,95,2024-06-25,9719
comuna11,65,2024-07-31,13537
comuna15,95,2024-07-31,43404
comuna9,91,2024-06-25,3913
comuna7,84,2024-06-23,28090
comuna11,75,2024-06-25,18698
comuna1,32,2024-06-23,40726
comuna5,33,2024-01-30,12518
comuna5,54,2024-06-25,45415
comuna12,89,2024-07-31,36765
comuna9,89,2024-01-30,41738
comuna10,19,2024-06-25,9069
comuna4,81,2024-06-25,27526
comuna8,14,2024-01-30,25980
comuna1,34,2024-01-30,37750
comuna13,43,2024-06-23,8790
comuna9,43,2024-07-31,18182
comuna14,55,2024-01-30,21574
comuna8,25,2024-07-31,18466
comuna2,66,2024-01-30,6429
comnuna3,15,2024-06-23,37162
comuna16,43,2024-06-25,12622
comuna2,56,2024-07-31,41489
comuna8,51,2024-07-31,42535
comuna16,87,2024-06-23,1553
comuna9,95,2024-07-31,39929
comuna14,78,2024-06-23,38449
comuna16,85,2024-06-25,41164
comuna2,51,2024-06-23,43170
comuna8,29,2024-06-23,48126
comuna15,46,2024-07-31,43285
comuna2,73,2024-06-23,27619
comuna9,17,2024-06-23,9950
comuna4,53,2024-06-23,18060
comuna7,87,2024-07-31,28652
comuna15,46,2024-07-31,1198
comuna7,82,2024-06-23,34061
comuna11,65,2024-01-30,43919
comuna5,42,2024-01-30,44349
comuna11,83,2024-06-23,35936
comuna10,14,2024-07-31,136
comuna10,18,2024-07-31,20149
comnuna3,21,2024-07-31,3188
comuna5,93,2024-06-23,20383
comuna5,15,2024-06-23,19700
comuna5,45,2024-06-23,9701
comuna11,50,2024-06-23,40868
comuna16,22,2024-06-23,12080
comuna7,74,2024-06-25,13349
comnuna3,47,2024-06-23,15115
comuna5,46,2024-06-23,12511
comuna4,74,2024-06-23,16928
comuna1,19,2024-06-23,5709
comuna16,18,2024-07-31,8433
comuna10,67,2024-06-25,576
comuna7,29,2024-01-30,8570
comuna16,60,2024-06-25,8748
comuna12,83,2024-01-30,48181
comuna10,86,2024-06-23,32645
comuna1,16,2024-01-30,18169
comuna12,70,2024-07-31,32421
comuna15,94,2024-07-31,17393
comuna7,30,2024-01-30,22799
comuna11,59,2024-07-31,27694
comuna6,71,2024-06-25,35402
comuna12,29,2024-06-23,44927
comuna10,74,2024-06-25,447
comuna12,44,2024-07-31,8436
comuna4,16,2024-06-23,20746
comuna10,18,2024-01-30,10731
comuna15,57,2024-06-23,45662
comuna11,38,2024-07-31,43763
comuna6,31,2024-06-25,26384
comuna13,77,2024-06-23,13151
comuna7,81,2024-01-30,47130
comnuna3,89,2024-01-30,46218
comuna4,65,2024-06-25,27218
comuna14,98,2024-07-31,10716
comuna13,29,2024-01-30,32380
comuna15,61,2024-06-25,49699
comuna13,10,2024-07-31,34412
comuna10,78,2024-06-25,33515
comuna16,94,2024-06-23,45420
comuna15,49,2024-01-30,23898
comuna9,31,2024-07-31,27012
comuna2,77,2024-01-30,11892
comuna14,51,2024-07-31,32728
comuna13,90,2024-06-25,17628
comuna10,59,2024-01-30,13166
comuna14,92,2024-01-30,39349
comuna5,65,2024-07-31,16865
comuna11,100,2024-06-25,16074
comuna8,13,2024-06-23,2519
comuna15,88,2024-06-25,9643
comuna1,86,2024-06-25,39212
comuna9,72,2024-01-30,27724
comuna16,68,2024-01-30,23348
comuna16,85,2024-06-25,22205
comnuna3,94,2024-07-31,39904
comuna8,93,2024-07-31,16679
comuna7,19,2024-06-25,39119
comuna8,68,2024-01-30,16866
comuna10,63,2024-06-25,11858
comuna9,82,2024-06-23,40241
comuna16,17,2024-06-25,31720
comuna16,100,2024-07-31,35083
comuna15,59,2024-07-31,45901
comuna6,65,2024-07-31,9525
comuna5,12,2024-01-30,33867
comuna10,51,2024-07-31,3058
comuna1,10,2024-06-23,4296
comnuna3,93,2024-06-23,10704
comuna16,68,2024-06-25,27990
comuna15,41,2024-07-31,49889
comuna8,68,2024-07-31,24448
comuna10,86,2024-06-23,9289
comuna15,29,2024-06-25,3930
comuna11,19,2024-07-31,40759
comuna10,91,2024-06-23,15450
comuna13,16,2024-06-23,45936
comuna5,46,2024-01-30,3066
comnuna3,88,2024-01-30,36827
comuna15,86,2024-01-30,29373
comuna4,37,2024-01-30,44632
comuna4,12,2024-06-23,24797
comuna8,54,2024-07-31,32117
comuna14,76,2024-06-23,29517
comuna2,44,2024-06-25,31651
comnuna3,18,2024-06-23,46856
comuna4,89,2024-06-25,19022
comuna10,83,2024-07-31,46401
comuna10,31,2024-07-31,34179
comuna16,13,2024-06-23,32803
comuna8,62,2024-07-31,10677
comuna8,26,2024-06-23,38978
comuna5,37,2024-01-30,31947
comuna6,80,2024-07-31,2049
comuna2,90,2024-07-31,5852
comuna16,25,2024-06-23,47346
comuna16,16,2024-07-31,37593
comuna4,88,2024-07-31,39885
comuna12,58,2024-06-23,5299
comuna10,73,2024-07-31,47200
comuna4,30,2024-06-23,5345
comuna13,43,2024-01-30,12905
comuna7,57,2024-06-25,40847
comuna7,63,2024-06-25,19091
comuna11,50,2024-06-23,44615
comuna5,33,2024-01-30,49541
comuna7,42,2024-07-31,40941
comuna6,78,2024-06-23,48480
comuna5,51,2024-07-31,44530
comuna7,72,2024-07-31,27183
comuna12,81,2024-06-25,16393
comuna7,67,2024-07-31,16037
comuna1,80,2024-06-23,43147
comuna12,55,2024-06-25,15115
comuna7,35,2024-07-31,20325
comuna6,31,2024-01-30,17394
comuna10,100,2024-07-31,29282
comuna12,85,2024-01-30,16839
comuna13,67,2024-06-25,16271
comuna15,39,2024-07-31,2129
comuna10,19,2024-07-31,7674
comuna16,22,2024-01-30,10491
comuna6,44,2024-06-23,49453
comuna7,64,2024-07-31,48438
comnuna3,49,2024-01-30,20055
comuna11,97,2024-06-25,21202
comuna16,81,2024-07-31,23088
comuna13,93,2024-07-31,44536
comuna5,92,2024-01-30,20219
comuna8,33,2024-07-31,38880
comuna1,89,2024-07-31,16732
comuna12,89,2024-07-31,37775
comuna16,89,2024-06-23,14597
comuna2,36,2024-06-25,41570
comuna6,26,2024-01-30,22145
comuna4,89,2024-07-31,47124
comuna1,21,2024-01-30,24629
comuna12,48,2024-07-31,16234
comuna5,40,2024-06-25,13639
comuna5,40,2024-07-31,42318
comuna8,90,2024-01-30,32178
comuna10,36,2024-07-31,24969
comuna13,63,2024-06-25,27700
comuna14,88,2024-01-30,17669
comuna14,30,2024-06-25,49841
comuna7,23,2024-01-30,21548
comuna12,100,2024-06-25,46289
comuna14,79,2024-07-31,27945
comuna14,78,2024-07-31,35794
comuna6,14,2024-06-23,21569
comuna8,59,2024-07-31,8837
comuna4,75,2024-06-23,34771
comuna2,66,2024-07-31,12966
comuna14,12,2024-06-25,11538
comuna8,32,2024-06-25,35438
comnuna3,87,2024-07-31,21664
comuna9,36,2024-06-25,28899
comuna10,21,2024-06-25,18443
comuna5,41,2024-06-23,49085
comuna2,32,2024-06-23,35770
comuna8,44,2024-06-23,44951
comuna5,73,2024-06-23,27266
comuna6,61,2024-07-31,43621
comuna15,25,2024-06-25,22619
comuna1,89,2024-06-23,29150
comuna16,97,2024-06-25,25497
comuna14,86,2024-06-23,20785
comuna6,76,2024-06-23,9806
comuna4,97,2024-01-30,27495
comuna10,67,2024-01-30,34535
comuna16,86,2024-06-25,23292
comuna9,93,2024-06-25,15479
comuna12,58,2024-06-23,25009
comuna16,77,2024-07-31,31067
comnuna3,46,2024-06-23,37026
comuna6,68,2024-07-31,20941
comuna4,68,2024-06-23,30634
comuna10,91,2024-07-31,2092
comuna4,45,2024-07-31,43719
comuna12,17,2024-07-31,37552
comuna12,44,2024-06-25,15171
comuna8,60,2024-01-30,10893
comuna13,65,2024-06-25,44003
comuna4,86,2024-06-25,43157
comuna12,47,2024-06-23,36724
comuna1,36,2024-06-25,42539
comuna13,80,2024-07-31,39350
comuna12,71,2024-01-30,32952
comuna5,89,2024-07-31,35223
comuna14,89,2024-06-23,3985
comuna10,24,2024-01-30,33317
comuna16,97,2024-01-30,11321
comuna10,91,2024-06-23,11337
comuna16,98,2024-01-30,1291
comuna4,51,2024-06-23,15583
comuna6,32,2024-07-31,2749
comuna13,66,2024-07-31,16403
comuna4,81,2024-06-25,2848
comuna15,40,2024-06-25,38823
comuna4,85,2024-07-31,23119
comuna13,30,2024-01-30,34434
comuna8,96,2024-07-31,38345
comnuna3,74,2024-01-30,31820
comuna8,62,2024-06-25,11698
comuna12,13,2024-01-30,18836
comuna2,66,2024-06-23,44261
comuna12,77,2024-01-30,35763
comuna16,27,2024-06-25,20879
comuna5,26,2024-06-25,21528
comuna12,83,2024-06-23,2003
comuna4,82,2024-06-23,25109
comuna6,70,2024-06-23,23992
comuna8,84,2024-06-23,24118
comuna5,37,2024-01-30,33233
comuna10,17,2024-06-25,6124
comuna10,59,2024-01-30,7311
comuna13,72,2024-01-30,32259
comuna1,82,2024-07-31,23260
comuna7,53,2024-01-30,25865
comuna4,59,2024-06-25,9003
comuna15,61,2024-07-31,16851
comuna14,49,2024-06-25,29256
comuna11,49,2024-06-23,48799
comuna14,99,2024-01-30,32484
comuna15,93,2024-01-30,1540
comuna2,24,2024-07-31,3675
comuna16,22,2024-01-30,38996
comuna1,90,2024-06-23,46590
comuna5,47,2024-06-25,10979
comuna8,24,2024-06-25,13490
comuna8,35,2024-01-30,49085
comuna2,13,2024-06-25,25045
comnuna3,29,2024-06-25,20376
comuna11,80,2024-06-25,21087
comuna13,25,2024-07-31,38503
comuna14,53,2024-07-31,19111
comuna6,27,2024-01-30,11730
comuna13,27,2024-07-31,8205
comuna16,68,2024-07-31,12388
comuna5,46,2024-06-23,3318
comuna8,91,2024-06-23,35371
comuna1,12,2024-06-23,8529
comnuna3,77,2024-06-23,19022
comuna11,42,2024-06-23,23974
comuna10,94,2024-07-31,34051
comuna16,40,2024-07-31,1020
comuna12,29,2024-01-30,13526
comuna4,32,2024-06-23,25061
comuna9,84,2024-06-23,27603
comnuna3,53,2024-07-31,33462
comuna14,38,2024-06-23,40300
comuna8,97,2024-06-23,27624
comuna8,26,2024-01-30,10462
comnuna3,81,2024-06-25,13861
comuna10,76,2024-07-31,37819
comuna7,43,2024-06-25,23450
comuna12,42,2024-01-30,38194
comuna7,41,2024-06-25,40660
comuna10,31,2024-07-31,40838
comuna13,69,2024-06-23,32378
comuna8,16,2024-06-25,5472
comuna15,37,2024-06-25,14777
comuna8,46,2024-06-23,28104
comuna11,77,2024-06-23,21360
comuna14,35,2024-06-23,37471
comuna11,16,2024-06-23,33413
comuna15,62,2024-06-25,31219
comuna13,51,2024-07-31,3379
comnuna3,56,2024-07-31,26865
comuna9,31,2024-06-25,29295
comuna15,17,2024-07-31,36374
comuna1,98,2024-06-25,34109
comuna6,82,2024-07-31,16574
comuna15,24,2024-06-25,41638
comnuna3,14,2024-06-25,17567
comuna7,99,2024-07-31,44994
comuna7,59,2024-01-30,30523
comuna16,65,2024-06-25,17980
comuna2,67,2024-06-25,34819
comuna7,80,2024-06-25,48871
comuna6,55,2024-06-25,49560
comuna13,72,2024-06-23,33032
comnuna3,92,2024-06-23,12241
comuna13,57,2024-01-30,38478
comuna4,94,2024-07-31,17703
comuna7,98,2024-01-30,21002
comuna1,63,2024-06-23,33336
comuna14,85,2024-06-23,22171
comuna15,53,2024-06-23,15239
comuna7,25,2024-01-30,5183
comuna1,70,2024-06-25,19915
comuna4,53,2024-07-31,44037
comuna2,42,2024-01-30,48774
comuna9,17,2024-07-31,26870
comuna11,23,2024-07-31,13362
comuna2,91,2024-01-30,13107
comuna8,76,2024-07-31,42115
comuna14,99,2024-01-30,39371
comuna12,45,2024-01-30,42630
comuna8,34,2024-06-25,41524
comuna8,83,2024-01-30,46907
comuna5,16,2024-06-25,43359
comuna6,86,2024-06-25,13617
comuna1,93,2024-06-25,38948
comuna1,11,2024-01-30,10365
comuna2,22,2024-01-30,34958
comuna15,26,2024-06-25,46613
comuna9,78,2024-06-25,10284
comuna14,11,2024-06-25,46988
comuna6,49,2024-06-23,47344
comuna10,59,2024-06-25,39164
comuna6,35,2024-06-23,7051
comuna5,60,2024-07-31,13165
comnuna3,25,2024-01-30,33192
comuna2,71,2024-06-25,18322
comuna8,39,2024-07-31,24176
comuna9,47,2024-07-31,45364
comuna2,21,2024-01-30,20582
comuna16,16,2024-07-31,38243
comuna2,46,2024-07-31,45054
comuna16,73,2024-07-31,15467
comuna5,99,2024-06-23,47290
comuna1,59,2024-07-31,22395
comuna1,68,2024-07-31,18861
comuna2,96,2024-06-25,13432
comuna5,78,2024-07-31,7983
comuna10,43,2024-01-30,11459
comuna6,37,2024-06-25,22470
comuna11,47,2024-01-30,10397
comnuna3,17,2024-01-30,8134
comuna14,38,2024-07-31,1249
comuna12,13,2024-07-31,18019
comuna13,72,2024-06-25,31578
comuna6,70,2024-07-31,8625
comuna13,52,2024-06-23,856
comuna16,51,2024-06-25,26799
comuna7,30,2024-06-23,34299
comuna11,29,2024-06-25,30432
comuna8,70,2024-01-30,37608
comuna12,62,2024-07-31,14934
comuna9,54,2024-01-30,2298
comuna6,67,2024-06-25,30107
comuna13,77,2024-06-25,13353
comuna11,25,2024-07-31,37539
comuna10,87,2024-06-25,16213
comuna11,54,2024-06-23,34697
comuna10,73,2024-07-31,32359
comuna4,75,2024-06-25,21736
comuna7,87,2024-06-23,44563
comuna6,17,2024-01-30,44547
comuna1,39,2024-07-31,45036
comuna2,61,2024-07-31,10618
comuna5,68,2024-06-23,16731
comuna7,78,2024-06-25,40422
comuna1,59,2024-07-31,31512
comuna12,25,2024-01-30,49025
comuna4,60,2024-06-23,46892
comuna8,84,2024-07-31,11487
comuna6,49,2024-07-31,14726
comuna2,94,2024-06-25,29569
comuna10,15,2024-07-31,5889
comuna4,89,2024-07-31,4667
comuna14,83,2024-01-30,23872
comuna15,92,2024-06-23,23653
comuna6,54,2024-06-25,45423
comuna2,25,2024-06-23,19594
comnuna3,69,2024-06-23,26658
comuna2,15,2024-01-30,19483
comuna5,82,2024-07-31,43423
comuna14,95,2024-06-25,7784
comuna2,33,2024-01-30,29437
comuna8,20,2024-01-30,40499
comuna15,88,2024-01-30,32974
comuna16,11,2024-06-23,46297
comuna5,29,2024-06-23,38837
comuna14,85,2024-07-31,12754
comuna7,47,2024-07-31,23453
comuna12,99,2024-06-23,3562
comuna5,75,2024-07-31,2951
comuna16,63,2024-07-31,27339
comuna8,61,2024-01-30,10380
comuna11,34,2024-06-25,30028
comuna2,88,2024-07-31,18114
comuna1,38,2024-06-25,46323
comuna12,10,2024-06-25,5678
comuna1,70,2024-01-30,5700
comuna10,67,2024-06-23,17978
comuna8,17,2024-06-23,40005
comuna6,61,2024-06-25,4405
comnuna3,82,2024-01-30,20944
comuna2,64,2024-06-23,19291
comuna5,74,2024-07-31,13380
comuna14,38,2024-06-23,40172
comnuna3,28,2024-01-30,28152
